"전주기접놀이, 인도네시아 토라자 페스티벌 초청 공연'",하나인 인도네시아 토라자 인터내셔널 페스티벌에서 초청공연을 한다. 이를 위해 백정신 공연단장 등 12명으로 구성된 공연단이 18일 인천공항을 통해 출국했다. 축제가 열리는 인도네시아의 토라자는 술라웨시 섬...',2019-07-20 16:40
"한국 지능형교통시스템(ITS), 아세안 시장 진출 타진'","또 말레이시아, 인도네시아 등 아세안 회원국의 ITS 추진 현황과 계획을 듣고 한국 기업의 참여 가능성을 타진했다. 둘째 날에는 안양 스마트도시통합센터와 대전∼세종 C-ITS(협력 지능형교통시스템) 시범사업장을...'",2019-07-20 16:40
"'실트황제' 방탄소년단 지민 위엄…\숨만 쉬어도 실시간 트렌드 점령\"" 화제'""","7위, 인도네시아 4위, 필리핀 5위 등 압도적 언급 양으로 그룹(BTS)과 함께 역시 K-팝 스타 중 유일하게 지민의 이름을 올렸다. 트위터 아시안(Twitter Asian)이 발표한 2018년도 아시아 트렌드에서도 '가장 많이 언급된...'",2019-07-20 16:40
인니 방영 만화 40% 한국산…오승현 애니 감독 '깃발 꽂아'',미국서 활동하다 인니 스카우트된 뒤 지난해 독립 회사 차려 성혜미 특파원 = 인도네시아 지상파 방송이 주중에 방영하는 애니메이션의 40%를 한국 작품이 차지하고 있다. 인도네시아에서 일본만화를 제치고...',2019-07-20 16:41
"팔아야 귀국, 멤버들 인도네시아 홈쇼핑 쇼 호스트 변신'",오늘 방송되는 '팔아야 귀국 in 인도네시아'에서는 팔아야 귀국 멤버들이 인도네시아 현지 홈쇼핑 쇼 호스트로 변신해 특별한 홍보에 나서는 모습이 방송된다. 영업 2일 차를 맞아 홍보와 판매를 위해 인도네시아...',2019-07-20 16:41
인도네시아선 한국이 '김 종주국'…일본의 10배 수출',인도네시아에서 한국산 김이 점유율을 높이면서 시장 1위를 달리고 있다. 특히 한국 김제품이 일본산의 10배에 가깝게 더 많이 팔리고 있어 인도네시아에서는 한국이 '김 종주국'으로 인식되고 있다. 21일 코트라에...',2019-07-22 6:53
"종근당,?인도네시아 항암제 공장 준공…글로벌 진출 가속화'","(오른쪽부터) CKD-OTTO 백인현 대표이사, 한국제약바이오협회 원희목 회장, 종근당 이장한 회장, 닐라 파리드 모에로에크 인도네시아 보건복지부 장관, 멘사그룹 지미 수다르타 회장, 김창범 주인도네시아...'",2019-07-22 9:47
"한국제약바이오협회, 인니제약협회와 MOU'",한국제약바이오협회(회장 원희목)가 7월 10일 인도네시아 자카르타에서 인도네시아제약협회와 양국 기업 간 정보교류 및 수출입 확대 등을 위해 양해각서(MOU)를 체결했다.',2019-07-22 9:48
"[이슈] 넥슨, '카스온라인' 인도네시아 서비스 8월1일 종료'",넥슨의 PC 온라인 FPS게임 '카운터스트라이크 온라인(이하 카스온라인)'의 인도네시아 서비스가 종료된다. '카스온라인'의 인도네시아 현지 퍼블리셔 메가수스(MEGAXUS)는 지난 3일 '카스온라인' 인도네시아 공식 사이트를...',2019-07-22 9:48
"한국프랜차이즈協 \인도네시아에 'K-프렌차이즈'확산시킬 것\""'""",한국프랜차이즈산업협회는 'K-프랜차이즈'를 인도네시아에 널리 알리기 위해 인도네시아프랜차이즈협회(AFI)와 손 잡았다. 협회는 지난 5일(현지시간) 인도네시아 자카르타 컨벤션센터 메인스테이지에서 AFI와 업무협약...',2019-07-22 9:48
'인도네시아 가는 길 화악~넓어질까' 여행업계 한국-인도네시아 항공회담에 촉...',한국과 인도네시아 간 항공회담이 다음달 열린다. 여행업계는 이번 회담에서 운항횟수 증대와 신규 LCC 취항 여부에 촉각을 세우고 있다. 한국과 인도네시아의 항공회담이 다음달 13~14일 서울에서 열린다. 항공회담에서...',2019-07-22 9:48
"한국무역협회, 자카르타서 ‘K-스타트업 멘토링 프로그램’ 진행'","9~12일 인도네시아 자카르타에서 ‘2019 K-스타트업 글로벌 멘토링 프로그램’을 진행했다고 15일 밝혔다. 이번 프로그램은 과학기술정보통신부, 문화체육관광부, 인도네시아 창조경제위원회가 공동 주최하고 무역협회...'",2019-07-22 9:48
신라대 개도국 대학생 대상 한류 보급',"신라대는 코트디부아르, 인도네시아, 요르단, 모로코 등 15개국의 한국어전공 대학생 및 교사 20명을 대상으로 7월11일부터 9월28일까지 '한국어문화 전문가양성과정'연수를 실시키로 하고 15일 오전 9시 국제관...'",2019-07-22 9:49
"네이버 브이라이브, 인도네시아 시장 성공적 안착'",?네이버 브이라이브가 인도네시아 톱셀럽들과 손잡으며 인도네시아 시장에 안착했다. 지난 10일 인도네시아에서 진행된 '라이사 컴백 라이브'는 브이라이브 첫 번째 인도네시아 아티스트의 컴백 라이브로 현지의...',2019-07-22 9:49
"[공시]엔케이물산, 인도네시아 콘서트 공동주최 계약 체결'",엔케이물산은 인도네시아 엔터테인먼트 기업(PT Cana Global Media)과 ‘Super K-POP Festival Indonesia 2019(가칭)’ 콘서트 공동주최(공동제작) 계약을 체결했다고 15일 공시했다. 회사 측은 “당해 계약은...',2019-07-22 9:49
"네이버 브이라이브, 인니 스타들과 협업 확대… 글로벌 진출 가속화'","V라이브 측 \'인도네시아 아이유' 라이사 독점 컴백 라이브 성료\"" 네이버 브이라이브가 인도네시아 시장에 안착했다고 15일 밝혔다. 네이버 브이라이브는 인도네시아의 아이유로 불리는 라이사(Raisa)의 독점 컴백...'""",2019-07-22 9:49
"비엔엑스, 'BTS 위버스' 오픈 기념 캠페인 실시'","한편,?BTS?위버스는?지난?1일?오픈한?방탄소년단의?공식?팬?커뮤니티로?개설?하루?만에?한국,?일본,?인도네시아,?대만?애플?앱스토어?'소셜?네트워킹'?무료?앱?인기?차트?1위,?미국?차트?4위에...'",2019-07-22 9:49
첫 월드투어 마친 블랙핑크…“평균 좌석 점유율 96%”',"YG는 태국 방콕, 인도네시아 자카르타, 필리핀 마닐라, 미국 로스앤젤레스·시카코, 영국 런던, 프랑스 파리 등 22회 공연이 매진됐고, 월드투어 전체 평균 좌석 점유율이 96.6%로 집계됐다고 전했습니다. \특히 북미...'""",2019-07-22 9:49
"조아라, 인도네시아 네오바자르와 웹소설 공급 계약'",웹소설 연재 플랫폼 조아라(대표 이수희)가 인도네시아 콘텐츠 기업 네오바자르(Neobazar)와 웹소설 공급... 2015년 1월 설립된 네오바자르는 인도네시아 대표 웹툰ㆍ웹소설 유통 기업으로 웹코믹스를 통해 콘텐츠를...',2019-07-22 9:49
"한국의 '필환경' 기술, 인도네시아에서 호평'","(사진 수도권매립지관리공사 제공) 수도권매립지관리공사(이하 SL공사)는 17~19일 3일간 인도네시아 자카르타 컨벤션센터에서 개최되는 '인도네시아 수처리 전시회(IndoWater Expo & Forum 2019)'에 참가, 현지에서 큰 호응을...'",2019-07-22 9:50
"국세청, 인도네시아와 청장 회의 개최…한국 기업 세정 지원 요청'",국세청이 22일 인도네시아와 청장 회의를 개최했다고 밝혔다. 김현준 국세청장은 인도네시아에 진출한 한국 기업의 세정 지원을 요청했다. 김 청장은 이날 서울 종로구 서울지방국세청에서 열린 제9차 한-인도네시아...',2019-07-22 17:34
"김현준 국세청장, 인도네시아 청장에 한국기업 세정지원 요청'","김현준 국세청장은 22일 서울지방국세청에서 로버트 팍파한 인도네시아 국세청장과 제9차 한.인도네시아 국세청장회의를 개최했다. 인도네시아는 아세안(ASEAN) GDP의 36%, 인구의 41%를 차지하는 거대 시장이며, 아세안 내...'",2019-07-22 17:34
"인도네시아 10대 스타 자라, 방탄소년단 지민 향한 팬심!'",JKT48의 보컬이자 여배우로 활동하고 있는 인도네시아 10대 스타 자라(Adhisty Zara)가 방탄소년단 지민에 향해... 2018년 마야 어워드 최연소 공연자였으며 2019년 인도네시아 영화 배우상에서 최우수 아역 배우로 선정된...',2019-07-22 20:46
"모모랜드, 인도네시아 달군다…‘SKF2019’ 출격 확정(공식)'","모모랜드는 오는 9월 28일부터 29일까지 양일간, 인도네시아 ICE(Indonesia Convention Exhibition)에서... 모모랜드는 특유의 ‘흥’ 넘치는 파워풀한퍼포먼스와 음악으로 인도네시아와 팬들의 마음을 흔들 예정이다.'",2019-07-24 15:32
최초 확인! 우리나라 제비의 강남은 인도네시아',"강남이 인도네시아로 처음 확인됐습니다. 주우진 기자 입니다. } {리포트} 경남 밀양의 한 둥지에서 특수... 필리핀을 지나, 최종 인도네시아에 도달한 것으로 나타났습니다. 구전으로 전해 내려오던 제비들의 강남이 바로...'",2019-07-24 21:32
"더보이즈 ‘SKF2019’ 출연확정, 인도네시아서 매력 뽐낸다'","더보이즈가 인도네시아에도 위상을 떨치게 된다. ㈜엔케이물산과 PT Cana Global Media가 오는 9월 28일, 29일 이틀간 인도네시아 ICE(Indonesia Convention Exhibition)에서 공동 개최하는 ‘Super K-Pop Festival Indonesia...'",2019-07-25 11:32
"롯데홈쇼핑, 인도네시아 진출 추진 박차'",현지 미디어 엠텍과 업무협약 체결 롯데홈쇼핑(대표 이완신)은 25일 인도네시아 대표 미디어 기업인 ‘엠텍(Emtek)과의 업무협약(MOU)을 체결했다고 이날 밝혔다. 인도네시아 자카르타에 위치한 ‘엠텍’ 본사에서 진행된...',2019-07-25 11:32
"신한금융그룹, 신한퓨처스랩 5기 수시 및 인도네시아 진출기업 모집'","신한금융그룹이 신한퓨처스랩 5기 스타트업 수시 모집과 더불어 인도네시아 진출을 희망하는 글로벌... 한편, 인도네시아에 진출에 VISION을 가진 스타트업을 별도로 선발해 글로벌 진출을 도울 예정이다. 스타트업의...'",2019-07-25 15:06
"신라대ㆍ인도네시아 한국기업, 대학과 공동 교육과정 운영 통한 취업 활성화'","Korean Mould & Dies Association), UMN대학(University Of Multimedia Nusantara)과 공동으로 인도네시아 현지에서 공동 교육과정을 운영한다. 신라대와 在인니한국금형조합, UMN대학은 지난 18일 인도네시아 찌까랑에서 김성수...'",2019-07-25 17:00
"아우라, 한류 이끄는 서민준X한영진과 훈남 케미 발산'",아우라와 함께 두 번째 티저 이미지에 등장한 배우 한영진은 최근 모델에서 배우 겸업을 선언하며 주목받은 직후 인도네시아 웹 드라마의 주인공으로 발탁됐으며 한국을 비롯한 아시아 전역에서 주목을 받고 있다....',2019-07-26 9:00
"국표원, 인도·인도네시아와 기술규제 해소 협의'","산업통상자원부 국가기술표준원은 22∼26일 신남방정책 핵심국가인 인도와 인도네시아를 방문해 한국... 최근 인도와 인도네시아는 자국민의 안전, 환경과 불공정 관행 보호 등을 이유로 자국 표준에 맞춘 강제인증...'",2019-07-26 9:00
"에이핑크, 인도네시아 K팝 팬 만난다...SKF 2019 참여'","에이핑크가 슈퍼 K-pop 페스티널 인도네시아 2019에 참여한다. 26일 에이핑크 소속사 플레이엠엔터테인먼트는 에이핑크가 오는 9월 28일, 29일 인도네시아 ICE(Indonesia Convention Exhibition) ICE(Indonesia...'",2019-07-26 9:46
"가수 아우라, 한류 이끄는 서민준-한영진과 훈남 케미 발산'",아우라와 함께 두 번째 티저 이미지에 등장한 배우 한영진은 최근 모델에서 배우 겸업을 선언하며 주목받은 직후 인도네시아 웹 드라마의 주인공으로 발탁됐으며 한국을 비롯한 아시아 전역에서 주목을 받고 있다....',2019-07-26 9:46
"삼성전자 '갤럭시 M30' 인니 출시…\中 장악 '중저가 시장' 공략\""'""",삼성전자의 중저가 스마트폰 M30이 인도네시아에 출시하며 인도네시아 중저가 스마트폰 시장 공략에 나선다. 26일 관련업계에 따르면 25일(현지시간) 삼성전자는 M30을 인도네시아에 출시하고 본격적으로 판매에...',2019-07-26 10:00
"아우라, 한류 이끄는 서민준-한영진과 훈남 케미 발산'",아우라와 함께 두 번째 티저 이미지에 등장한 배우 한영진은 최근 모델에서 배우 겸업을 선언하며 주목받은 직후 인도네시아 웹 드라마의 주인공으로 발탁됐으며 한국을 비롯한 아시아 전역에서 주목을 받고 있다....',2019-07-26 11:00
"에이핑크, 인도네시아 무대 선다…SKF2019 출연'","에이핑크가 인도네시아 무대에 선다. 소속사 플레이엠엔터테인먼트 측은 26일 “에이핑크가 ㈜엔케이물산과 PT Cana Global Media가 오는 9월 28일, 29일 양일 간 인도네시아 ICE(Indonesia Convention Exhibition)에서...'",2019-07-26 15:00
이젠 패션 한류…10월 패션 코드 2020 S/S',"선정된 브랜드들은 수주회 참가를 비롯해 유통과 해외 진출, 마케팅 전문 컨설팅, 콘셉트 패션쇼 참가, 국내외 인플루언서를 통한 브랜드 홍보 마케팅, 인도네시아 패션위크 초청 패션쇼 참가, 콘진원 지원 사업 가산점...'",2019-07-28 18:00
"‘품질과 기술력도 한류’… 中企, ‘메이드 인 코리아’로 해외 진출 활발'","창립 20주년을 맞은 해피콜은 미국, 중국, 인도네시아, 태국, 대만에 현지법인을 두고 전 세계 20개국으로 제품을 수출한다. 2017년 블렌더를 포함한 해피콜의 해외 수출액은 약 260억 규모로, 전체 매출에서 수출이...'",2019-07-29 11:22
"레드벨벳, SKF 2019 출격 확정…인도네시아 달굴 글로벌 행보'",그룹 레드벨벳이 SKF 2019 출연을 확정 짓고 인도네시아에서 성공적인 해외 행보를 이어간다. ㈜엔케이물산과 PT Cana Global Media가 오는 9월 28일과 29일 양일간 인도네시아 ICE(Indonesia Convention Exhibition)에서...',2019-07-29 12:00
"손정의가 선택한 그랩, 인도네시아 디지털 경제 ‘선봉’'","손정의 회장이 이끄는 소프트뱅크가 모빌리티 플랫폼 그랩을 통해 인도네시아에 20억달러를 투자한다. 이를 바탕으로 소프트뱅크와 그랩의 현지 인프라를 탄탄하게 구축하는 한편, 인도네시아 디지털 인프라의...'",2019-07-29 21:00
중소기업 한류 선도… 원적외선 ‘최지우 마스크’ 보미라이 中 진출',"창립 20주년을 맞은 해피콜은 미국 중국 인도네시아 태국 대만에 현지법인을 두고 전 세계 20개국으로 제품을 수출한다. 2017년 블렌더를 포함한 해피콜의 해외 수출액은 약 260억 규모로, 전체 매출에서 수출이 차지하는...'",2019-07-30 12:00
"에이스, K-POP 가수 중 유일하게 자카르타 푸드 페어 참석 '글로벌 인기''","특히 에이스는 K-POP 가수로 유일하게 행사에 초대된 것으로, 인도네시아와 동남아시아의 에이스 팬클럽이 이들을 보기 위해 현장에 참석, 글로벌한 인기를 증명했다. 에이스의 남다른 팬서비스는...'",2019-07-30 12:00
2019 제2회 한국-인도네시아 기술교류상담회 개최',30일 인도네시아 자카르타 그란멜리아 호텔에서 제2회 한-인니 기술교류상담회에 참석한 한국 기업과 인도네시아 현지 기업 관계자가 단체 사진을 찍고 있다../사진=이노비즈협회 중소벤처기업부와 이노비즈협회는 30일...',2019-07-30 16:02
블록체인 소셜 앱에 빠진 '인니' 국내사 진출 이어져',굿모닝·TTC 등 이용 보상으로 주는 암호화폐 인기 블록체인 기반 SNS와 메신저 등 국내 소셜 어플리케이션 개발사들이 인도네시아 시장 공략에 나서고 있다. 인도네시아에서 소셜 어플들이 유독 강세를 보이고 있기...',2019-07-30 18:00
"NCT DREAM, 아이튠즈 톱 앨범차트 21개국 '1위' 대단한 한류풍'","인도, 인도네시아, 터키, 몽골, 필리핀, 브루나이, 카타르, 벨라루스 등 전 세계 21개 지역에서 1위에 올랐다. 앞서 지난 25일 빌보드에서도 NCT DREAM의 컴백을 조명하며 \NCT DREAM이 신곡 'BOOM'을 통해 엄청난 성장과...'""",2019-07-31 11:00
한국 '오미자' 인도네시아 입맛 사로잡는다',많은 인도네시아 음식과 잘 어울리는 한국 전통 음료 오미자가 첫 수출 길에 오른다. 농림축산식품부와 한국농수산식품유통공사(aT)는 지난 25일부터 4일 동안 인도네시아에서 '2019 자카르타 K-Food Fair'를 열고 총...',2019-07-31 12:00
"슈퍼주니어 규현, 9월 인도네시아 팬 만난다...'SKF 2019' 출격'","규현은 오는 9월 28일, 29일 이틀간 인도네시아 ICE(Indonesia Convention Exhibition)에서 공동 개최하는 ‘SKF 2019’ 무대에 올라 팬들을 만난다. 지난 5월 7일 소집해제한 규현은 세번째 싱글 앨범 ‘너를 만나러...'",2019-08-01 15:19
'DANGER' 7월 12일 슈퍼주니어로서 아시아 가수...',슈퍼주니어-D&E는 ㈜엔케이물산과 PT Cana Global Media가 오는 9월 28일 29일 이틀간 인도네시아 ICE(Indonesia Convention Exhibition)에서 공동개최하는 Super K-Pop Festival Indonesia 2019 (SKF 2019)에 출격한다. 지난 7월 12일...',2019-08-02 11:22
[TEN PHOTO]뉴이스트 백호 '호수같은 눈망울'',"통해 인도네시아로 출국하며 공항패션을 선보이고 있다. 그룹 뉴이스트(JR, Aron, 백호, 민현... (세뇨)’ IN INDONESIA 콘서트 참석차 인천국제공항을 통해 인도네시아로 출국하고 있다. 조준원 기자'",2019-08-02 11:22
[TEN PHOTO]뉴이스트 황민현 '클라스가 다른 비주얼'',"통해 인도네시아로 출국하며 공항패션을 선보이고 있다. 그룹 뉴이스트(JR, Aron, 백호, 민현... (세뇨)’ IN INDONESIA 콘서트 참석차 인천국제공항을 통해 인도네시아로 출국하고 있다. 조준원 기자'",2019-08-02 11:22
"인도네시아한인회, 내년 가을 '한인 100년사' 출간'","지난 7월26일 인도네시아한인회에서 '한인 100년사 편찬위원회 출범식'이 열렸다.[사진제공=인도네시아한인회] 인도네시아한인회가 '인도네시아 한인 100년사'를 출간할 계획이다. 인도네시아한인회는 \지난 7월26일...'""",2019-08-02 17:00
"방탄소년단 지민 솔로곡, 한국 최초, 유일 3곡 스포티파이 5천만 돌파!...해외...'","이에 브라질 popline, 아랍의 kpopina.com, 인도네시아 wowkeren과 ThePopHub.net, allkpop 등 해외 언론들의 관심과 보도가 현재 계속 이어지고 있다. 현재 스포티파이 사이트에서 한국어 노래로 5000만 이상의 세 곡을 보유한...'",2019-08-04 12:49
"장윤정이 찍은 사진? 도경완, 붕어빵 아들·딸과 발리 여행 \하영이도 합류\""[...'""","사진 속 도경완은 인도네시아 발리의 한 리조트에서 가족들과 즐거운 시간을 보내고 있다. 아들, 딸과 수영장에서 여유를 만끽하는가 하면, 해변에서 딸을 번쩍 들어 올리고, 아들과 익살스러운 포즈를 취하고 있다....'",2019-08-05 17:00
"네오팜, 10월 인도네시아에서 '노로이드 더마뉴얼3종' 론칭'",?네오팜이 오는?10월 인도네시아에서 노로이드의 신규 라인 '더마뉴얼?3종'을 론칭한다. '노로이드'는?PT SOHO를 통해 인도네시아 지역에서 판매하고 있는 네오팜의 메디컬 스킨케어 브랜드다. SOHO는?인도네시아 내...',2019-08-06 0:22
"'갓지민' 방탄소년단(BTS) 지민, 미국·영국·프랑스·필리핀·인도네시아 스...'",또한 인도네시아 '2019 최우수 아역 영화배우' 수상자로 현재 걸 그룹 'JKT48'의 보컬인 10대 스타 '자라(Adhisty Zara)'는 한 팬의 휴대폰 케이스에서 지민의 사진을 발견하자 ''오! 내 남편이네''라고 외치는 동영상이...',2019-08-06 11:16
"\
\
								인니 중앙통계청, 상반기 외국인 방문객 783만 명으로 4% 증가																 \
'","\
\
								?인도네시아 중앙 통계청(BPS)이 1일 발표 한 관광·교통 통계에 따르면 올해 상반기(1~6월)에 인도네시아를 방문한 외국인 여행자 수는 전년 동기 대비 4% '",2019-08-06 12:02
"애니원에프앤씨,인도네시아 1883 COFFEE 1호점 그랜드 오픈'","애니원에프앤씨의 인도네시아 3자 합작법인인 \PT MIXX ONE Food and Beverage\""가 지난 1일 자카르타 중심상권과 오피스 밀집지역에 위치한 MD Place에 \""1883 COFFEE\"" 1호점을 그랜드 오픈했다고 밝혔다. ‘인도네시아 1883...'""",2019-08-06 15:10
"‘정법’ 대왕조개 논란 딛고 새 시즌 준비 중…“허재·김병현 출연 미정\'""","새 시즌의 촬영 장소는 인도네시아가 논의되고 있으며, 선발대 멤버로 허재와 김병헌의 합류가 논의 중이라는 언론 보도가 나왔다. 최서영 온라인 뉴스 기자 ace3@segye.com 사진=SBS ‘정글의 법칙’ 방송화면 갈무리'",2019-08-06 16:00
"'대왕조개 채취 논란' 정글의 법칙, 폐지 없이 인도네시아行 유력'","촬영지는 인도네시아가 유력하며, 출연진은 허재와 김병현 등이 물망에 올랐지만 SBS 측은 아직 확정은 아니라는 입장이다.앞서 '정글의 법칙'은 태국 촬영 중 멸종위기종으로 보호 대상인 대왕조개를 채취해 먹는...'",2019-08-07 12:45
"인천공항, 청하-레드벨벳-NCT DREAM 초청 '2019 인천공항 스카이 페스티벌' 개...'","'K-POP, 한류문화로 세계를 잇다'라는 부제 아래 펼쳐지는 이번 K-POP 콘서트는 인천공항공사가 항공사, 여행사 등과 함께 공동 프로모션을 통해 사전 관람신청을 받은 중국과 홍콩, 대만, 인도네시아 등 세계 각지의 한류...'",2019-08-07 14:00
전시 준비하는 인도네시아 장애인 예술가',"6, 2019.Jakarta=신화통신뉴시스>>6일 인도네시아 자카르타(수도).*‘아웃사이더(일정한 틀에서 벗어나 독자적으로 행동하는 사람) 아트프러너(예술기업가)의 전시회’라는 제목의 전시를...'",2019-08-07 16:00
"웅진코웨이, 인도네시아까지 넘본다'",말레이시아 성공 경험 바탕 한국형 렌탈과 코디서비스로 자신 세계 4위 인구대국인 인도네시아에서 한국... 같은 인도네시아로 성공신화를 넓혀갈 계획이다. 최근 웅진코웨이는 2분기 실적 발표에서 미중 무역전쟁...',2019-08-07 17:00
"“일본이 학교에 보내준다고 속였다” 인도네시아 위안부들의 삶, 책으로 발간'",가진 인도네시아인 일본군 위안부의 증언이다. 일본군에 의해 부루(buru)섬에 갇혀 성 노예로 고초를 당한 뒤 고향에 돌아가지 못하고 숨진 것으로 알려졌다. 저 인터뷰는 최근 국내에 번역 발간된 ‘인도네시아의 위안부...',2019-08-07 20:12
[신간] 노벨문학상 후보 인도네시아 소설가가 엮은 '일본군 위안부' 이야기',1943년 인도네시아 동부 말루꾸(Maluku) 제도 부루(Buru)섬에 갇힌 여인들이 있었다. 그들은 일본군에 의해 성... 이들의 피눈물 나는 사연은 <군부 압제 속의 처녀들- 부루(Buru)섬의 기록>이라는 제목으로 인도네시아 KPG...',2019-08-07 21:00
"컴투스, 버디크러시 인도네시아 서비스 오픈'","인도네시아를 시작으로 향후 글로벌 국가들로 순차 서비스 확대 계획 이복현 기자, 컴투스(대표 송병준)가 이지&익사이팅(Easy&Exciting) 모바일 골프 게임 ‘버디크러시’의 인도네시아 서비스를 오픈한다. 컴투스가 직접...'",2019-08-08 12:00
"컴튜스, 모바일 골프게임 `버디크러시` 인도네시아 서비스 오픈'",컴투스(078340)는 모바일 골프게임 `버디크러시`의 인도네시아 서비스를 오픈한다고 8일 밝혔다. 컴투스가 직접... 컴투스는 골프 등 스포츠 게임에 대한 선호도 높은 인도네시아 시장을 기점으로 향후 동남아를 비롯한...',2019-08-08 12:00
"은행권, 디지털 금융으로 인도네시아 시장 공략 잰걸음'",인도네시아는 매력적인 ‘성장 잠재력’을 지닌 시장이다. 인프라는 열악하지만 발전 가능성이 커... 인도네시아에 뿌리 내리는 한국 은행들이 ‘디지털 금융’을 앞세워 두리안을 공략하고 있다. 7일 은행권에...',2019-08-08 13:07
"여름휴가, 한국은 BTS+트와이스, 인니는?슈주+블핑'","(여),?인도네시아에서는 슈퍼주니어(남)와 블랙핑크(여)가 각각 선정됐다고 밝혔다. 설문 결과 여름... 인도네시아에서는 블랙핑크의?'뚜두뚜두'가?1위,?슈퍼주니어의?'쏘리쏘리'가?2위를 기록했다. 마이크레딧체인은...'",2019-08-08 13:07
"인천공항공사 야외음악축제 '스카이 페스티벌' 한류K팝, 스티브 바라킷 공연'","31일 'K팝, 한류문화로 세계를 잇다'라는 주제로 펼쳐지는 K팝 콘서트는 인천공항공사가 항공사, 여행사 등과 함께 공동 프로모션을 통해 사전 관람신청을 받은 중국, 홍콩, 대만, 인도네시아 등 세계 한류 팬들과 함께...'",2019-08-08 13:07
'케이팝으로 하나되는 아시아'표현…AR제작 BOF2019 포스터 공개',"'아시아'를 상징하는 조각은 아시아 국가들, 특히 중국, 태국, 몽골, 인도네시아, 필리핀 등의 랜드마크를 디자인으로 담았다. 이는 케이팝을 좋아하는 아시아인들이 비오에프(BOF)와 함께 한다는 의미다. 마지막으로...'",2019-08-08 13:07
"최시원, 인니 자카르타서 단독 팬미팅...세레나데→요리까지 '퍼펙트 데이트''","최시원이 인도네시아 자카르타에서 단독 팬미팅을 성공적으로 마무리했다. 최시원은 지난 10일 오후... 케미스트리', 인도네시아의 전통 음식을 만들어 보는 '퍼펙트 디쉬', 감미로운 보이스가 돋보이는...'",2019-08-12 18:04
"\
\
								한국서 일하는 인니인 노동자, 지난해 기준 86% 증가																 \
'","\
\
								인도네시아 이주노동자 파견?보호청(BNP2TKI)은 6일 한국에서 일하는 인도네시아인이 2018년 6,921명에 달했다고 밝혔다. 국영 안따라통신의 보도에 따르면'",2019-08-12 18:04
"인도네시아 관광청, '2019 대한민국 국제 관광박람회(KITS)' 참가'","? 인도네시아관광청 제공 ?■ 행사명 : '2019 대한민국 국제 관광박람회(KITS)' ■ 기간 : 8월 15일(목)-18일(일) ■ 장소 : 일산 킨텍스 제1전시장 3홀 (61번 인도네시아관광청 부스) 약 18,000개의 섬으로 이뤄진 천혜의...'",2019-08-13 9:57
판타지아 꿈꾼 70대 화가의 열정…인도네시아서 '수채화 한류' 개척',정 화백이 이번엔 동아시아의 심장부인 인도네시아에서 한국 현대미술의 저력을 뽐낸다. 자카르타... 정 화백은 자카르타 전시가 끝나는 대로 내년 3월에는 인도네시아 최대 와인유통그룹 더픽의 에디수기리 회장...',2019-08-15 18:32
"인천공항, 해외 항공시장 확장… 인도네시아 진출'",인도네시아 AP1 간 협약체결 후 구본환 사장(가운데 우측)Faik Fahmi AP1사장(좌측)이 관계자들과 함께 사진촬영을 하고 있다.사진=인천공항공사 인천공항공사는 지난 14일 인천 파라다이스시티에서 인도네시아...',2019-08-15 18:32
"[글로벌-Biz 24] 한국에서 뭇매 맞는 ‘유니클로’, 인도네시아로 확장…인도...'",이런 가운데 유니클로의 모회사인 패스트리테일링(Fast Retailing)이 인도네시아에 유니클로 첫 매장을 오픈할 것이라는 현지 언론의 보도가 나왔다. 21일(현지시간) 인도네시아 매체 세파르케프리(seputarkepri)에 따르면...',2019-08-22 9:31
"서울제약, 필름형 발기부전치료제 인도네시아 공급'",서울제약은 입에서 녹는 필름형 발기부전치료제 제품이 인도네시아 허가를 받았다고 26일 밝혔다. 서울제약은 2017년 6월 인도네시아 제약사 소호에 스마트 필름 제조기술을 적용한 발기부전치료제 구강붕해필름(ODF)...',2019-08-26 14:37
"\
\
								삼성전자, 인니 휴대폰 시장점유율 '압도적'…프리미엄 스마트폰에선 66%, 일반 스마트폰시장 50%																 \
'","\
\
								?삼성전자는 인도네시아 휴대폰 시장에서 압도적인 시장점유율을 보이고 있으며 프리미엄 스마트폰에선 66%, 일반 스마트폰시장에선 50%를 기록하고 있다고 25일(현'",2019-08-26 14:38
"구혜선, 이번엔 신간소설 인도네시아 수출…입원 중 열일ing [종합]'","구혜선은 31일 자신의 인스타그램에 \소설 '눈물은 하트 모양'이 베스트셀러 진입 후 인도네시아로 수출이... 그러나 곧이어 그는 소설책의 인도네시아 수출 소식으로 화제를 전환했다. 입원 중에도 대중과의 소통을 멈추지...'""",2019-08-31 15:35
"\
\
								인도네시아 주민들 “한국은 우리나라에 화력발전소 짓지 말라”																 \
'","\
\
								인도네시아 환경운동가들이?‘더러운 에너지에는 한 푼도 안 된다’고 적힌 현수막을 들고 석탄화력발전소 금융제공을 반대하는 시위를 벌이고 있다.??인도네시아 주민들이'",2019-08-31 15:35
한-인도네시아 CEPA 9차 협상 28~30일 제주서 개최',"노승길 기자 noga813@ajunews.com 산업통상자원부는 제9차 한국-인도네시아 포괄적경제동반자협정(CEPA) 공식... 인도네시아 측은 이만 팜바교(Iman Pambagyo) 무역부 총국장을 수석대표로 외교부, 재무부, 산업부 등으로...'",2019-09-02 8:10
"한국-인도네시아, 제9차 CEPA 공식 협상 진행'",- 11월 한-아세안 특별정상회의 타결 목표 한국과 인도네시아가 경제협력을 강화한다. 산업통상자원부(장관 성윤모)는 제주에서 오는 28일부터 30일까지 인도네시아와 제9차 포괄적 경제동반자 협정(CEPA) 공식 협상을...',2019-09-02 8:10
"KT&G, 인도네시아 커피 전문가 양성 MOU 체결'",KT&G가 인도네시아 청년들의 직업역량 향상을 돕기 위해 커피 전문가 양성 교육사업에 대한 지원을... 인도네시아는 커피 세계 4대 생산국이나 커피산업 인프라가 미약한 것으로 알려져 있다. 이를 해결하기 위해...',2019-09-02 8:10
"인도네시아 상공회의소, 한국대표부 출범...수입 요건인 '할랄 인증' 정책 설...'","오는 10월17일부터 발효되는 인도네시아 신할랄인증법 시행을 앞두고 존니 와아스 인도네시아 상공회의소 부의장, 앙고르 부디만 상의 한국위원회 위원장, 다니엘 구 부위원장 등이 방한, ‘인도네시아 상공회의소...'",2019-09-02 8:11
"\한국기업 인도네시아 진출 적극 돕겠다\""'""",존니 와아스 인도네시아 상공회의소 부의장이 한국대표부 출범식에서 인사말을 하고 있다.(사진=인도네시아 상공회의소 한국대표부 제공)[이데일리 강경훈 기자] 국내 기업의 인도네시아 진출을 지원하기 위한...',2019-09-02 8:11
"[서울 드라마 어워즈] 김남길, ‘한류드라마 남자연기자상’ 수상'","또한 아시아국가들은 물론 스페인?브라질?인도네시아?아랍권 등 다양한 곳에서 많은 팬들의 폭발적인 반응 속에 김남길은 한국을 대표하는 배우로 자리잡으며 글로벌 팬들의 마음까지 사로잡은 바, 해외에서 가장 큰...'",2019-09-02 8:11
"토리모리, '외국인 유학생' 코덕 매니아들 K뷰티 알린다'","이들은 태국, 인도네시아 등 아시아를 비롯해 러시아, 벨기에, 핀란드, 미국 등 전 세계에서 모인 K뷰티 마니아들로 구성됐으며 각자 자신만의 매력과 당당함이 넘치는 인재들로 선발됐다. 발대식과 함께 본격적으로...'",2019-09-02 8:11
"김남길, '드라마어워즈' 한류드라마 남자연기자상 \신의 축복 함께하길\""'""","또한 아시아국가들은 물론 스페인?브라질?인도네시아?아랍권 등 다양한 곳에서 많은 팬들의 폭발적인 반응 속에 김남길은 한국을 대표하는 배우로 자리잡으며 글로벌 팬들의 마음까지 사로잡은 바,?해외에서 가장...'",2019-09-02 8:11
"김남길, '제14회 서울 드라마 어워즈' 한류드라마 남자연기자상 수상'","또한 아시아국가들은 물론 스페인·브라질·인도네시아·아랍권 등 다양한 곳에서 많은 팬들의 폭발적인 반응 속에 김남길은 한국을 대표하는 배우로 자리잡으며 글로벌 팬들의 마음까지 사로잡은 바, 해외에서 가장 큰...'",2019-09-02 8:11
"반크, 인도네시아 한인 청년들에 韓 홍보 노하우 전수'",사이버 외교 사절단 반크는 오는 9월 3∼8일 인도네시아를 방문해 한인 학생과 현지인 대학생들에게 한국 홍보 노하우를 전수한다고 29일 밝혔다. 인도네시아 한국대사관(대사 김창범) 초청으로 한인 어린이를 비롯해...',2019-09-02 8:11
"한국문인협회 인도네시아지부, 한국 공광규 시집 인니어로 출간'","한국문인협회 인도네시아지부가 한국의 서정시를 인도네시아에 알리기 위한 사업의 일환으로, 한국 공광규 시인의 시집 '햇살의 말씀 Pesan Sang Meatari'을 인도네시아로 번역해 8월23일 출간했다. 1986년 '동서문학...'",2019-09-02 8:12
"인니의 '짜베 보이' 전병준 쉐프 \무겁지 않은 한식으로 승부\""'""","유튜브·인니 TV 방송으로 인기…로컬 젊은 층 타깃 식당 운영 성혜미 특파원 = 한국에 '샘 오취리'가 있다면, 인도네시아에는 '짜베 보이(고추 소년)'로 불리는 한국인 쉐프 전병준(29) 씨가 있다. 전씨가 인도네시아...'",2019-09-02 8:12
"'이혼 갈등' 구혜선, 소설 베스트셀러 진입→인도네시아 수출..아티스트 행보...'","구혜선이 자신의 소설을 인도네시아에 수출하게 됐다. 31일 구혜선은 자신의 인스타그램에 \소설 ’눈물은 하트 모양’이 베스트셀러 진입 후 인도네시아로 수출이 결정 되었습니다\""라는 글과 함께 두 장의 사진을...'""",2019-09-02 8:12
"[사진]마마무,'자카르타의 K-Pop 열기 대단해''",31일 오후 인도네시아 자카르타의 테니스 인도어 스나얀 체육관에서 ?‘V?하트비트 인 자카르타(V HEARTBEAT IN JAKARTA)’가?열렸다. 걸그룹 마마무가 멋진 무대를 선보이고 있다.',2019-09-02 8:13
차예련 ‘애교 눈맞춤에 심쿵’[포토엔HD]',배우 차예련이 9월 1일 오전 인천 중구 운서동 인천국제공항을 통해 화보 촬영 차 인도네시아 덴파사르로 출국했다. 배우 차예련이 공항패션을 선보이며 인도네시아 덴파사르로 출국하고 있다. 뉴스엔 지수진 jin@',2019-09-02 8:13
"\인도네시아에 한류 콘텐츠 홍보 노력할 것\""'""","와이즈유 아크앤테크 대학이 인도네시아 우삐 국립교육대학과 업무협약식을 진행했다. 와이즈유(영산대학교, 총장 부구욱) 아트앤테크(Art&Tech)대학은 지난달 29일 해운대캠퍼스에서 인도네시아 우삐(UPI)...'",2019-09-02 8:14
레드벨벳 슬기 ‘오늘 공항패션 1등’[포토엔HD]',통해 The ReVe Festival Day 2’ RED VELVET Fan Event’ 일정 참석 차 인도네시아 자카르타로 출국했다. 레드벨벳(REDVELVET) 멤버 슬기가 인도네시아 자카르타로 출국하고 있다. 뉴스엔 지수진 jin@',2019-09-04 8:32
"레드벨벳 조이 '청순 또는 큐티, 두 얼굴의 매력부자'[엑's HD화보]'",그룹 레드벨벳(Red Velvet) 조이가 팬미팅 겸 팬사인회차 2일 오후 인천국제공항을 통해 인도네시아 자카르타로 출국하고 있다. '경호원의 다정한 에스코트 받으며 하차' '바지 좀 피고 가실게요' '5분 안에 반하는 미모...',2019-09-04 8:32
"코스맥스, 印尼서 신할랄법 앞두고 K뷰티 전도사 역할'",[이데일리 강신우 기자] 글로벌 화장품 연구·개발·생산(ODM) 회사 코스맥스는 지난 30일 인도네시아... 등 인도네시아에서 급성장 중인 50여 로컬 고객사 100여 명이 참석해 열띤 호응을 보냈다. 특히 이번 콘퍼런스는...',2019-09-04 8:32
"반크, 인도네시아 홍보 한국어·영어 영상 배포'","\ 사이버 외교사절단 반크가 인도네시아를 홍보하는 영상을 제작해 유튜브(https://youtu.be/7GtezCNnvAE)에 올렸다. 영어 자막처리를 한 영상도 같은 채널(https://youtu.be/J7BVJ1Bc9FE)에 게시했다. 이 영상은 인도네시아의...'""",2019-09-04 8:32
"코스맥스, 인도네시아서 화장품 제형 컨퍼런스 개최…K뷰티 전도사 역할'",글로벌 화장품 연구·개발·생산(ODM) 회사 코스맥스는 지난 30일 인도네시아 자카르타에 위치한 찌비즈... 등 인도네시아에서 급성장 중인 50여 로컬 고객사 100여명이 참석했다. 이번 콘퍼런스는 성장 속도에...',2019-09-04 8:32
"文, 미얀마 '경제 한류' 드라이브…'코리아 스탠다드' 구축'",태국·인도네시아 등 아세안(ASEAN·동남아시아국가연합) 국가들에 있는 '일본 헤게모니'가 상대적으로 약한 곳인 셈이다. 1인당 국내총생산(GDP)가 1298 달러로 아세안 중 가장 낮지만 △천연가스 41조 입방피트(TCF) △니켈...',2019-09-04 8:32
세계인의 입맛 사로잡았다…한류 열풍 타고 인기 얻고 있는 'K-푸드'',"시작해 인도네시아 등 아시아 지역을 중심으로 수출국을 늘려나갈 계획에 있다. 특히 첫 수출국인... 출시 당시 폭발적인 반응으로 6개월만에 정식 메뉴로 재출시 되어 미국, 일본, 인도네시아, 필리핀, 영국, 뉴질랜드...'",2019-09-04 8:32
"미얀마에 '경제 한류' 시스템 구축…文 \함께 번영하자\""'""",태국·인도네시아 등 아세안(ASEAN·동남아시아국가연합) 국가들에 있는 '일본 헤게모니'가 상대적으로 약한 국가라고 할 수 있다. 진입 '허들'이 낮다는 의미다. 1인당 국내총생산(GDP)이 1298 달러로 아세안 중 가장...',2019-09-04 8:33
"\
\
								웅진코웨이 인도네시아 도전…”연내 진출”																 \
'","\
\
								?웅진코웨이가 하반기 인도네시아 시장에 본격 진출한다.?최근 웅진코웨이는 지난 2분기 4억 3,500만원을 신규출자한 인도네시아법인의 본격적인 사업 시작 시점을 '",2019-09-04 8:33
"\
\
								미국 아마존, 고젝에 투자 검토…인도네시아 시장 진출 노크																 \
'","\
\
								
\
            아마존닷컴이 인도네시아 시장에 본격 진출할 예정이다.?지난달 28일자 로이터통신은 소식통의 말을 인용해 미국 전자상거래 기업 아마존닷컴이'",2019-09-04 8:33
"평범한 한국 청년, 인도네시아 200만 청춘을 사로잡다'",3일 오후 인도네시아 서부자바주(州) 치르본의 대형 몰. 한 한국 청년이 버스에서 내리자 탄성이 쏟아졌다.... 그러나 인도네시아에선 인구 300명 중 두 명이 팬일 정도(체감도는 그 이상이다)로 유명한 유튜버다. 현재...',2019-09-06 18:33
"인니 무슬림 설교전문가 \한국 여행 장점 3시간도 떠들 수 있어\""'""","인도네시아의 유명 무슬림 설교전문가인 무하마드 누르 몰라나는 6일 \한국 여행의 장점은 3시간도 떠들 수 있다\""며 \""직접 가보면 절대 후회하지 않을 것\""이라고 말했다. 무하마드는 이날 한국관광공사가 인도네시아...'""",2019-09-06 18:34
'동방신기' 31일 인도네시아 자카르타 ICE에서 화려하게 펼쳐졌다',"CONCERT -CIRCLE- #with'는 지난 8월 31일 인도네시아 자카르타 ICE에서 화려하게 펼쳐졌다. 동방신기는 'Something', '왜', '주문 - MIROTIC', 'Hug' 등 대표곡들을 비롯해 '운명', '평행선' 등 정규 8집 수록곡을...'",2019-09-07 2:00
"'오지GO' 김승수, 동남아 이어 원시부족까지 점령..'대활약 예고''",이들이 선보인 저녁 만찬 재료는 인도네시아와 파푸아뉴기니에 사는 야생 동물 ‘쿠스쿠스’였던 것. 자신들의 눈 앞에서 쿠스쿠스의 털과 내장을 정리하는 장면을 목격한 김승수는 맏형임에도 더 긴장한 모습을 보여...',2019-09-10 10:30
"\
\
								천만인의 쏠, 인도네시아 버전 출시																							 \
'","\
\
								신한은행은 신한인도네시아은행의 새로운 디지털뱅킹 플랫폼인 ‘신한 쏠 인도네시아’를 출시했다고6일 밝혔다.?‘신한 쏠 인도네시아’는 출시 1년 6개월 만에 천만 고'",2019-09-10 10:30
"\
\
								현금 없는 사회와 인도네시아																							 \
'","\
\
								?평소 주변에서 인도네시아와 관련된 이런저런 질문을 받는다. 대화의 주제가 현금 없는 사회(Cashless Society)로 옮겨 가면 지인들 다수는 고개를 갸우'",2019-09-10 10:31
"우리은행, 신남방국가 인도네시아서 '나홀로 선방''",4대 시중은행이 인도네시아 공략에 적극적인 행보를 나타내고 있는 가운데 올 상반기 우리은행이 나홀로 선방한 것으로 나타났다. 인도네시아는 최근 문재인 정부가 신(新)남방정책 일환으로 금융부문 교류·협력...',2019-09-11 10:20
"KIOST, 한·인니 해양과학공동연구센터 개소 1주년 행사 개최'","KIOST 제공 한국해양과학기술원(KIOST, 원장 김웅서)은 지난 3일 인도네시아 찌르본에 위치한 한·인니... 2016년 6월 15일 한·인니 해양협력 MOU를 맺은 한국과 인도네시아는 2018년 9월 14일 반둥대학교 찌르본...'",2019-09-11 10:21
"한국시설안전공단, 인도네시아 국가교량 통합관리시스템 구축사업 본격 추진'",경남 진주 한국시설안전공단(이사장 박영수)은 우리나라 특수교량 통합관리시스템 기술을 인도네시아에 전파하는‘인도네시아 국가교량 통합관리시스템 구축사업’을 수행한다고 11일 밝혔다. 민간 계측 및 진단...',2019-09-12 1:35
한국농수산식품유통공사(aT). 태권도 종주국의 저력은 K-FOOD로부터!',"시사매거진, SISAMAGAZINE 한국농수산식품유통공사(aT)는 농림축산식품부와 9월 7일과 8일 인도네시아 제2도시... 시작한 인도네시아에서 태권도와 연계한 한국 농식품 홍보행사가 열렸다. 한국농수산식품유통공사(aT, 사장...'",2019-09-12 1:35
"\
\
								제2 Cikampek 고속도로 크리스마스 전에 개통																							 \
'","\
\
								인도네시아 자카르타와 동부의 공업 지역을 연결하는 Cikampek 고속도로의 고가도로 (제2 Cikampek 고속도로)가 크리스마스 이전에 개통될 예정이다.?현지'",2019-09-16 12:25
"\
\
								미성년자 결혼 비율 가장 높은 인니. 혼인 최저연령 16세→19세																 \
'","\
\
								인도네시아의 아동결혼 폐지 캠페인인도네시아 여성의 법정 혼인 최저연령이 16세에서 19세로 상향된다.인도네시아 하원의 관련법 실무위원회는 13일(현지시간) 여성의'",2019-09-16 12:25
"\
\
								'흡연대국' 인도네시아, 내년부터 담뱃값 평균 35% 인상																							 \
'","\
\
								담배 피우는 인도네시아 고교생들성인 남성 약 70% 흡연자…온라인 담배 광고도 금지?'흡연 대국'으로 불리는 인도네시아가 흡연율을 낮추기 위해 내년부터 담뱃값을 '",2019-09-16 12:25
"한국수자원공사, 인도네시아에 물재해 대응 기술 전수한다'",한국수자원공사가 16~28일 대전 인재개발원에서 '인도네시아 찌따룸강 홍수예경보 역량강화' 국제교육을 연다. 찌따룸강(Citarum River)은 인도네시아의 수도 자카르타와 인근? 수도권에 생활용수를 공급하는 약 300km...',2019-09-17 0:00
[새마을운동 50년] 4. 한국 새마을 정신 잊혀진 인도네시아 상부상조 정신을 ...',"사업이 인도네시아에서 잊혀 가던 상부상조 정신을 다시 살아나게 했다\고 말했다. 이어 한국의 새마을 정신... 그런데도 새마을 시범마을 사업은 인도네시아에서 잊혀 가던 상부상조 정신 활성화에 성공한다. 2017년...'""",2019-09-18 10:42
"행정 한류 아시아로 확산… 정부, 태국·미얀마와 협력 추진'","공무원을 대상으로 한국의 인사제도와 경험을 공유하기 위한 현지 워크숍을 개최한다고 18일 밝혔다. 인사혁신처는 인도네시아, 우즈베키스탄 등에 대한 인사행정 한류 확산과 교류협력도 강화할 예정이다. 김재중 선임기자'",2019-09-18 23:00
"미나♥류필립, 달달한 자카르타 여행..17살 차이 안 믿기는 비주얼부부'","아침8시 #안쫄유원지 인도네시아 셀럽 친구들과 #사진#영상#촬영 #바닷가 배타고~~^^#셀카#여행#셀스타그램\이라는 글과 함께 영상을 게재했다. 공개된 영상 속 미나는 남편 류필립과 함께 인도네시아 자카르타를 방문해...'""",2019-09-18 23:00
"기업은행, 자카르타서 IBK인도네시아 은행 출범식'","?IBK기업은행이 인도네시아 자카르타에서 IBK인도네시아은행 출범식을 가졌다고 20일 밝혔다. 19일 열린 출범식에는 김도진 기업은행장, 김창범 주 인도네시아 대사, 임성남 주 아세안대표부 대사, 현지 진출...'",2019-09-20 16:39
'치킨로드' 스타 셰프들과 떠나는 '닭학다식 견문록'..'꿀잼 선사'예고',"김풍은 닭 껍질 튀김의 원조 인도네시아, 이원일은 패스트푸드의 성지 미국, 오세득은 와인과 미식의 나라 프랑스, 오스틴강은 구이요리의 진수 페루에서 특별한 치킨 레시피 발굴에 나선다. 로컬 음식을 먹어보는 것은...'",2019-09-21 10:31
"99년 전 인도네시아 '첫발' 장윤원 선생…\그는 한국인입니다\""'""","그는 인도네시아에 처음 정착한 한국인 장윤원입니다\ 인도네시아 한인 사회가 '한인 100년사' 집필을 계기로 1920년 9월 20일 자카르타에 도착해 뿌리내린 장윤원(張潤遠·1883∼1947) 선생을 집중 조명하고 나섰다....'""",2019-09-22 16:32
"창원시 인니 무역사절단, 1180만불 수출 계약'","인도네시아 무역사절단이 18일부터 22일까지 현지 수출 상담회를 통해 수출상담 65건에 수출상담액 1억 3000만불 성과를 올렸다고 밝혔다. 실제 계약액은 1180만불(한화 약140억원)이며 이외 업무협약(7건), 인도네시아...'",2019-09-23 12:09
"이수정 한국외대 아랍어통번역과 강사 “한국 내 무슬림 15만명, 공존을 고민...'","그다음이 인도네시아 3만7000명, 방글라데시 1만5000명, 파키스탄 1만1000명 순이에요. 아랍 국가 중에는 이집트가 제일 순위가 앞서는데 3200명 정도죠.” - 아시아 출신들이 많네요. “국내 무슬림들은 주로 이주노동자로...'",2019-09-25 9:33
"성훈, 싱가포르 프로모션 행사 참석…한류스타의 위엄'","뿐만 아니라 말레이시아, 미얀마, 태국, 인도네시아, 대만, 일본, 아부다비 등 아시아 및 중동 지역에서도 성훈의 팬미팅과 프로모션 러브콜 요청이 끊임없이 쏟아지고 있다고 해 그의 인기를 실감케 하고...'",2019-09-25 9:33
"\
\
								인니 투자조정청-한국 KIND, 민관협력사업 강화 MOU 체결																 \
'","\
\
								?인도네시아 투자조정청(BKPM)과 한국 기업의 해외 진출을 지원하는 한국해외인프라도시개발지원공사(KIND)는 20일 한국 기업의 인도네시아 인프라 사업개발 강화'",2019-09-25 9:33
"인도네시아, 한국 네오트랜스 철도 신기술 배우러 왔다'","용인 경전철을 운영 중인 네오트랜스㈜가 24~27일 인도네시아 교통부 철도국 및 인도네시아 국립철도학교 관계자 13명을 초청, 선진철도를 견학시키고 있다. 국내 최초이자 세계 5번째로 무인 중전철(신분당선)과 경전철...'",2019-09-26 21:50
인도네시아의 이효리이눌 다라시스타 서울 공연',지난 22일 서울 청계광장에서 인도네시아 축제 '페스티벌 인도네시아 2019'가 열린 가운데 인도네시아의 이효리라 불리는 현지 대중가요 '당둣' 가수 이눌 다라시스타 의 무대가 펼쳐지고 있다. 주한 인도네시아 대사관...',2019-09-26 21:50
"\
\
								현대차, 인니 공장 신설 조직 'HMMI' 출범…동남아 진출 공식화																 \
'","\
\
								현대차그룹 정의선 수석부회장이 인도네시아 조코 위도도(Joko Widodo) 대통령과 7월 25일 자카르타 대통령궁에서 면담하고 상호 협력 방안에 대해 논의했다.'",2019-09-26 21:50
"\
\
								동남아 온라인 시장 “한국 브랜드 파워 통한다”																 \
'","\
\
								쇼피코리아의 권윤아 지사장은 성장세와 한국 브랜드 파워 등을 근거로, 동남아시아의 온라인?쇼핑 시장이 한국 중소기업에 큰 기회가 될 수 있다고 했다.??“한국에서'",2019-09-27 15:01
"[D-피플라운지] 이상국 기업은행 부행장 \인니서 글로벌페이 선보일 것\""'""","시작\ \""인도네시아 법인에서 글로벌페이 서비스를 기획 중이다. 간편결제 서비스가 활성화 돼 있는 현지... IBK인도네시아은행이 간편결제 서비스를 준비하고 있다고 밝혔다. 이 부행장은 \""인도네시아는 영토가 넓고 섬이...'""",2019-09-28 10:07
"KDB산업은행, 신남방정책의 핵심 전략 요충지인 인도네시아 자카르타에서 'KD...'","FINTECHPOST사진상 왼쪽 네번째부터 조승현 산업은행 글로벌사업부문장 , 임성남 주아세안대한민국대표부 대사, 장병돈 산업은행 혁신성장금융부문장, Rudiantara 인도네시아 정보통신부 장관, Imam Soejoedi 인도네시아...'",2019-09-29 15:45
"\
\
								NCT 127, 인니서 텔레비전 어워즈 특별상 영예…가수 유일																							 \
'","\
\
								NCT 127(엔시티 127)이 ‘인도네시안 텔레비전 어워즈 2019 (Indonesian Television Awards 2019)’에서 특별상을 수상하며 글로'",2019-09-29 15:45
'화장품 한류' 여전히 강세…지난해 무역흑자 5조5천억원',"중국 다음으로는 홍콩, 미국, 일본 순으로 수출실적이 높았고, 인도네시아와 카자흐스탄으로의 수출액은 전년보다 각각 110.9%, 91.0% 증가하는 등 수출지역이 다변화됐다. 우리나라가 화장품을 가장 많이...'",2019-10-01 12:56
한류 팬이 꾸미는 화려한 무대…1일 오후 8시 광화문광장 K-POP 커버댄스 월드...',"K-POP 커버댄스 페스티벌은 지난 2월 70여개국 2800여개팀의 온라인 예선을 거쳐, 4~9월 인도네시아, 필리핀, 미국, 멕시코,태국,홍콩, 러시아 등에서 해외 본선을 거쳤다. 행사에는 전세계 10개국 11개팀 83명이 초청됐다....'",2019-10-01 21:29
세계로 뻗어가는 K뷰티... 화장품 무역수지 5년연속 흑자',"러시아·카자흐스탄·말레이시아·인도네시아 등 신남·북방지역을 골고루 공략했던 점이 수출 증가의... 지난해 주요 국가의 수출 증가율은 인도네시아 110.9%, 영국 70.4%, 러시아 63.6%, 프랑스 45.9%다. 특히...'",2019-10-01 21:29
식지 않는 한류 댄스 열기…전 세계 케이팝 팬들의 축제 한마당',"인도네시아, 미국, 멕시코, 러시아, 일본 등에서 치른 지역별 본선에서 선발된 10개국 11개팀 83명이 한국에서... 인도네시아에서 온 참가팀 ‘알지’와 미국의 ‘업지’는 여성 5인조로 팀을 꾸려 있지의 ‘달라달라’로...'",2019-10-02 10:05
한류·문화 덧입힌 패션 사흘간 즐긴다',"행사 기간내 오후 7시30분부터 오후 8시까지는 인도네시아, 태국, 싱가포르, 말레이시아 등 6개국을 대표하는 신진 디자이너와 한국패션산업연구원의 크리에이티브 디자인 스튜디오 디자이너 등 퍼포먼스 형식의...'",2019-10-03 22:24
"K뷰티 최대 화두는 '신시장'…러시아, 인니 뜬다'","러시아, 인도네시아 등 신시장 개척에 적극 나서고 있다. 내수는 한계가 있고 최대시장 중국은 정치외교적... 러시아연방은 전년보다 63.6%, 인도네시아의 경우 110.9% 급증했다. 북미, 유럽으로의 수출도 두 자리 수...'",2019-10-04 16:19
인도네시아 고속도로 교통사고로 한국교민 등 3명 사망',인도네시아 수도 자카르타와 찌깜벡을 잇는 고속도로에서 교통사고가 발생해 한국 교민 1명과 인도인 2명 등 3명이 사망하고 인도네시아인 1명이 부상을 당했다. 6일 일간 콤파스와 데틱뉴스 등에 따르면 5일(현지시간)...',2019-10-06 12:42
"한국만화영상진흥원, '한류 열풍' 인도네시아서 한국 웹툰으로 이어간다'","한국만화영상진흥원(원장·신종철, 이하 만화진흥원)이 한국 웹툰 및 만화 콘텐츠 기업의 인도네시아 진출을 위해 지난 3~6일 인도네시아에서 '2019 인도네시아 K-콘텐츠 엑스포(이하 K-콘텐츠 엑스포)'를...'",2019-10-08 16:23
"한글 알리미 된 BTS, 강다니엘'","미국 뿐 아니라 캐나다, 프랑스, 호주, 일본, 인도네시아 등 105개국 1368대학에서 한국어강좌를 운영하고 있다. BTS는 한글 뿐 아니라 뮤직비디오에 탈춤, 한복, 기와집 등을 노출해 한국의 문화를 자연스레 알리고 있다....'",2019-10-09 10:20
"\
\
								한국 기업이 운영하는 인도네시아 팜유 농장, 개도국 아동 노동 착취 심각																 \
'","\
\
								인도네시아 수마트라주 리아우 지역에서 삼성물산이 운영하는 팜유 농장에서 일하고 있는 아동(왼쪽). 지난 2016년 국내 시민단체 연대체 ‘기업과인권센터’가 현지 '",2019-10-10 1:50
"\
\
								동남아 신한류 확산의 핵심 플랫폼, 인도네시아 K-콘텐츠 엑스포 성료																							 \
'","\
\
								▲ ‘2019 인도네시아 K-콘텐츠 엑스포’에서 가수 인투잇(IN2IT) 공연?지난 3~6일, 자카르타에서 ‘2019
\
인도네시아 K-콘텐츠 엑스포’ 개최참관객 '",2019-10-10 1:50
"라인프렌즈, 세컨드 브랜드 '플레이 라인프렌즈 인사동점' 성황'","라인프렌즈는 지난 9월 18일 서울 코엑스 영풍문고에도 '플레이 라인프렌즈'를 선보였다. 10월 말경 필리핀 마닐라를 시작으로, 유럽과 싱가포르, 인도네시아 글로벌 국가에도 오픈할 예정이다.'",2019-10-10 15:00
"강소라, `10th 한국-인도네시아 영화제` 홍보대사로 참석'",CJ CGV가 인도네시아에서 한국 영화로 문화 교류의 장을 마련하는 가운데 배우 강소라가 얼굴로 나선다. CJ CGV(대표 최병환)는 오늘(10일)부터 13일까지 나흘간 인도네시아에서 ‘제10회 한국-인도네시아 영화제(Korea...',2019-10-10 16:15
[신(新)문화-웹툰] ① 스낵컬처가 낳은 한류 콘텐츠',"현재 네이버는 해외에서 '라인 웹툰'이라는 플랫폼을 통해 서비스하고 있으며 영어, 중국어, 인도네시아어... 또한 지난해에는 인도네시아?유료 웹툰 플랫폼?'네오바자르'와 국내 3대 단행본 업체 지분 일부를 인수하는...'",2019-10-10 16:15
"한국건강관리협회, 인도네시아 건강지원 전문가 파견'","있는 '인도네시아 초등학생 건강증진 지원' 을 위해 9월 28일부터 10월 5일까지 인도네시아 아체(Aceh)州에 전문가를 파견했다. 이번 전문가단은 파견기간 중 한국 전문가, 현지 지역 정부 관리자를 주축으로 한...'",2019-10-11 0:00
"한국타이어, 인니서 지역사회 도우미 자청'",한국타이어앤테크놀로지(이하 한국타이어)가 인도네시아에서 환경개선 캠페인을?통해?지역사회 발전에 앞장선다. 13일 업계에 따르면 한국타이어 인도네시아법인은?현지 비영리단체 돔페트 두아파와 함께 서자바주...',2019-10-13 10:18
"동남아 8개국 공무원, 한국에서 물관리 교육'","지난 달 인도네시아 물 분야 공무원들이 한국수자원공사의 '수재해정보 기술연구단'에서 위성을 활용한... 이들 동남아 국가들(동티모르, 라오스, 말레이시아, 미얀마, 인도네시아, 캄보디아, 태국, 필리핀)은 풍부한...'",2019-10-13 14:13
"'글로벌 대세 그룹' 갓세븐, 인도네시아서 가장 인기 있는 K-POP 아이돌 선정...'","해외무대에서 활발하게 활동하고 있는 대세 아이돌 그룹 갓세븐(GOT7)이 인도네시아에서 가장 인기 있는... 지난 2주간 인도네시아 유저들이 최애로 설정한 아이돌 10팀을 뽑아 투표를 진행한 결과, 몬스타엑스...'",2019-10-14 16:00
"“게임·OTT로 신한류 이끌 것\…150조 게임 플랫폼 시장 선점 포석'""","합작사의 본사는 국가별 결제시스템 정책상 싱가포르에 두고 싱텔이 서비스 중인 말레이시아, 인도네시아 등 동남아 5개국에 ‘원스토어’ 서비스를 제공한다. 본격적인 서비스는 내년 초부터 시작할 예정이다....'",2019-10-14 16:23
"\
\
								인도네시아 의사단, 클래시스의 슈링크 리프팅 노하우 배우기 위해 한국 방문																 \
'","\
\
								-뷰티 한류를 이끄는 한국의 키닥터로부터 선진 의료기술 배우기 위한 수요 증가-다양한 슈링크 카트리지를 활용할 수 있는 효과적인 비법 전수?K-뷰티 성장에 힘입어'",2019-10-16 13:34
"한국서 돌아온 인니 근로자 60명 한자리…\재취업 알선\""'""",귀국한 인도네시아 근로자들에게 한국산업인력공단이 '재취업 알선' 자리를 마련했다. 산업인력공단 인도네시아 EPS센터는 17일 자카르타의 비다까라 호텔에서 고용허가제 근로자로 한국에 다녀온 인도네시아인...',2019-10-17 18:56
"\
\
								한-인니, CEPA 실질 타결…신남방 양자협상 첫 결실																 \
'","\
\
								?인니 시장 선점 일본보다 유리한 수준… 수출 확대 기대??현 정부의 핵심 통상정책인 신남방정책에 따른 동남아시아국가연합(아세안·ASEAN) 국가와의 양자협상이 '",2019-10-17 18:56
"SW 전문 개발사 ㈜오솔레, ㈜에이에스에이피와 인도네시아에 한류전파'",및 인도네시아에 한류 전파에 나선다고 18일 밝혔다. 최근 양사는 동남아시아 및 인도네시아를 메인 무대로 공연 및 전시회를 통하여 한류문화 전파를 선도할 목적으로 SPC를 설립하여 사업을 진행하는 것에 합의했다....',2019-10-18 22:00
"\
\
								롯데마트, ‘인도네시아 마타람점’ 오픈 첫 날 1만여명 몰려																							 \
'","\
\
								인도네시아 47호점이자 글로벌 185호점···찌마히점, 빠간사리점, 뜨갈점 등 연내 순차적 오픈 계획롯데마트가 지난 17일 오픈한 인도네시아 '마타람점'에 오픈 '",2019-10-20 19:42
인도네시아 국립미술관 뉴미디어 전시회 한국인 대표로 조은우 작가 초청',"인도네시아 국립미술관(Galeri Nasional Indonesia)은 Ai, Robot, 최첨단 기술이 접목된 뉴미디어... 인도네시아에서 대표적인 여성 큐레인 Jeong Ok Jeon, Evelyn Huang, Nin Djani, Ratna Djuwita, irene Agrivine와...'",2019-10-24 0:22
"동방신기X슈주 '아날로그 트립', 족 자카르타 여행 중 유노윤호 멘붕?'",지난 9일 2002년 과거로 돌아가 여행을 떠나게 된 동방신기X슈퍼주니어의 인도네시아 여행기인 '아날로그... 과거를 간직한 도시 족자카르타에서 펼쳐지는 동방신기X슈퍼주니어의 인도네시아 여행기가 담긴 '아날로그 트립...',2019-10-24 0:22
마흔 즈음에…자카르타로 떠난 김현숙·황보…EBS1 ‘동남아 살아보기’',동남아 살아보기> 인도네시아 첫번째 이야기 ‘포용과 공존의 도시 자카르타’편에서는 <막돼먹은 영애씨... 전체 인구의 약 90%가 무슬림인 이슬람 문화권이자 세계 희망지수 1위인 국가 인도네시아. 어느덧 마흔 언저리...',2019-10-24 0:22
“K팝만으로는 담지 못한 한국의 서정을 시로 전해요”',시집이 인도네시아어로 번역돼 출간됐다. 책 제목은 ‘태양의 메시지(Pesan Sang Mentari)’로 인도네시아를 시제로 삼은 시 세 편도 함께 실렸다. 공 시인은 한국문인협회 인도네시아지부가 한국의 서정시를 인도네시아에...',2019-10-25 10:37
인도네시아 취미 시장 공략하는 ‘아이템쿠’',"아이템쿠는 인도네시아에서 게이머를 위한 전자상거래 서비스로 시작해 만화, 신발 등 자신이 좋아하는... 김성진 아이템쿠 대표는 2013년 인도네시아에서 처음 사업을 시작했다. 스타트업 생태계와 문화가 정착되기도...'",2019-10-25 10:37
한국과 인도네시아 최초로 개설된 영-리더들의 네트워크 1회 모임 개최 성료',"? 인도네시아관광청 제공 ● 양국의 대통령이 주선한 차세대 리더들의 모임인 제1차 '한-인도네시아 영 리더스 다이얼로그' 지난 10월10,11일 자카르타에서 열려 ● 인도네시아 관광청 박재아 지사장, 경제 면에서는...'",2019-10-25 10:37
"[더벨]수출입은행, 인도네시아 통합데이터센터 구축 추진'","한국수출입은행이 인도네시아 정부가 추진하는 자국 통합데이터센터 구축을 위한 프로젝트에... 유상원조인 EDCF는 개발도상국의 경제성장을 지원하기 위한 정책기금으로, 이번 프로젝트는 인도네시아 정부의 지원...'",2019-10-25 10:37
"공광규 시집 '햇살의 말씀', 인도네시아 현지 북콘서트 개최'",공광규 시인의 인도네시아어 번역시집 '햇살의 말씀(Pesan Sang Mentari)' 인도네시아 현지 북콘서트가 10월 21일 국립인도네시아대학교에서 열렸다. (사진 한국문협 인도네시아지부) 공광규 시인의 인도네시아어...',2019-10-27 13:04
"박보검, 팬미팅서 열창한 ‘Untukku' 유튜브서 공개… 네티즌 “목소리 따듯해...'",이는 인도네시아 노래 ‘Untukku’이며 해외 팬미팅에서 부른 노래를 직접 자신의 계정에 올린 것이다. 인도네시아 발음을 살린 것이 특징이며 감미로운 목소리로 불러 귓가를 사로잡는다. 이를 들은 네티즌들은...',2019-10-27 13:04
"김풍과 김재우는 인도네시아를 찾아 코코넛을~ \치킨로드\""'""","김풍과 김재우는 인도네시아를 찾아, 코코넛을 까기 시작했다. 새참시간에 인도네시아 가정식 한상차림을 먹었다. 첫 음식은 토종닭을 맛봤다. 아얌고랭을 맛봤다. 김풍은 \비주얼로 끝이났다\""면서 \""옛날 통닭같다\""고...'""",2019-10-27 13:04
"2019 인도네시아 아시아태권도한마당, 26일 개막'","국기원은 \'2019 인도네시아 아시아태권도한마당(이하 아시아한마당)'이 인도네시아 수도 자카르타에서 26일 개막한다\""라고 밝혔다. 아시아한마당은 10월 26일부터 27일까지 이틀간 인도네시아 자카르타에 소재한...'""",2019-10-27 13:04
"[동남아에 부는 경제 한류] 방산기업, 줄어드는 내수 수출로 '돌파구''",인도네시아 유유 수띠수나 공군참모총장이 KAI 전시관에 방문해 설명을 듣고 있다. 사진=KAI 제공 내수 부진으로 어려움을 겪고 있는 국내 방산기업들이 동남아시아에서 수출 활로를 개척하고 있다. 인도네시아...',2019-10-27 13:04
"\
\
								인도네시아 담배, 한국 온다…벤토엘, 우리나라 등에 2800t 수출																 \
'","\
\
								?인도네시아 담배가 국내에 상륙한다.25일 외신과 관련 업계 등에 따르면 인도네시아 벤토엘그룹(PT Bentoel Group)은 한국과 싱가포르, 베트남 등 5개'",2019-10-27 13:04
"\
\
								‘거국내각’ 발표한 인도네시아, 주요 특징 총정리																							 \
'","\
\
								조코 위도도 대통령(앞열 왼쪽에서 여섯 번째)과 마룹 아민 부통령(왼쪽에서 일곱 번째)이 자카르타 독립궁(대통령궁)에서 새 내각발표에 이어 기념촬영을 하고 있다.'",2019-10-27 13:04
"한국광산업진흥회, 지원기관 연계 인니 광융합 시장진출 확대'","한국광산업진흥회(www.kapid.org, 회장 이재형)는 한국산업기술진흥원(KIAT), 한국전자통신연구원(ETRI), 한전KDN과 공동 주관으로 22~23일 인도네시아 자카르타에서 개최된 '인도네시아 광융합 수출상담회'에서 한국의 11개...'",2019-10-28 9:03
"\
\
								인도네시아 담배, 한국 온다…벤토엘, 우리나라 등에 2800t 수출																							 \
'","\
\
								?인도네시아 담배가 국내에 상륙한다.25일 외신과 관련 업계 등에 따르면 인도네시아 벤토엘그룹(PT Bentoel Group)은 한국과 싱가포르, 베트남 등 5개'",2019-10-28 9:03
"[교육소식]대전대 학생들, 인도네시아 댄스대회서 준우승 등'","대전대는 방송공연예술학과 학생들로 구성된 'DUD크루'가 최근 인도네시아 반둥시에서 열린 '2019 EAT D' BEAT Dance World Final'에서 준우승을 차지했다고 28일 밝혔다. 미국과 프랑스, 일본 등 전세계 40개팀 500여명이...'",2019-10-29 13:05
"농어촌공사, 인도네시아에 '우수 기술' 전파'","농어촌공사, 인도네시아에 '우수 기술' 전파 현지 공무원 53명 대상 수도권 해안종합개발 교육 한국농어촌공사는 지난 21~25일 인도네시아 수도 자카르타에서 현지 중앙부처 공무원 등 53명을 대상으로 '2019년 수도권...'",2019-10-29 13:05
"한국콘텐츠진흥원, 인도네시아 '자카르타 패션위크 2020'서 한국특별세션 운영'",지난 22일 인도네시아에서 열린 '자카르타 패션위크 2020'의 한국특별세션에서 장윤경 디자이너의 작품을 선보이고 있다. ⓒ 한국콘텐츠진흥원 한국콘텐츠진흥원(이하 콘진원)은 지난 22일 인도네시아 자카르타...',2019-10-29 13:06
"서부발전, 인도네시아 시장개척단 4년째 파견...협력中企 해외 판로개척'","KOWEPO 인도네시아 시장개척단`을 구성, 지난 21일부터 23일까지 현지기업 대상 구매상담회 및 현장 엔지니어와 기술 상담 등을 실시했다. 서부발전의 인도네시아 시장개척단 프로그램은 2016년 발족, 첫 시장 진출을...'",2019-10-29 13:06
"네이처 김소희 \합류 직전 걱정 많았지만 멤버들 만나고 사라져\""'""",김소희는 지난 28일 V 라이브 생방송으로 인도네시아 현지 인플루언서 준셰프와 함께 쿡방을 진행했다.... 인도네시아에서 팬미팅을 진행한 소감도 밝혔다. 소희는 “많은 분들이 응원해주시니까 힘이 많이났다. 그래서...',2019-10-29 13:06
"한국문화정보원·CoHive MOU체결, 문화데이터 활용기업의 인도네시아 진출 지...'",한국문화정보원(원장 이현웅)이 문화데이터 활용 창업기업의 인도네시아 진출을 지원하기 위해 인도네시아 최대 코워킹 스페이스 CoHive(CEO Ethan Choi)와 MOU를 체결했다고 29일 밝혔다. 이번 MOU 체결을 통해...',2019-10-29 13:06
"\
\
								인도네시아, 최근 3년의 행보와 향방																 \
'","\
\
								?2017년 2월, 인도네시아 부임 당시의 경험은 열악한 도로 및 대중교통 사정과 고젝(Gojek)과 그랩(Grab)의 공존으로 인한 신선한 충격을 맞보게 했다.'",2019-10-29 13:06
韓·中·日 '아세안 삼국지' 치열...한류·다종교 고려한 전략 필요',"백 연구위원은 \인도네시아와 말레이시아 등 이슬람국가는 소비시장이 빠른 속도로 성장하고 있으나 할랄 인증을 요구하는 등 수출에 제약을 많이 둔다\""며 \""기존 진출기업의 성공요인과 실패원인을 분석해 정교한 맞춤...'""",2019-11-04 20:27
"\
\
								인도네시아 “정유플랜트개발 5년내 완료”...한국 건설사 추가수주 ‘기대감’																 \
'","\
\
								지난해 말 현대엔지니어링과 SK건설이 수주한 인도네시아 '정유플랜트개발 마스터플랜(RDMP)'의 하나인 발릭파판 정유공장의 위치도.?현대엔지니어링과 SK건설이 지'",2019-11-04 20:27
"[글로벌-Biz 24] 중국과 인도네시아, 수산 분야 협력 확대'",중국 연간 400만톤 수산물 수입 중 인도네시아산은 5% 불과 샤오첸(肖千) 인도네시아 주재 중국 대사가 수산 분야에서 인도네시아와의 협력을 확대할 방침이라고 인도네시아 국영 통신 안타라가 5일(현지 시간) 발표했다....',2019-11-06 21:06
"[스포노믹스 2019] K푸드, 스포츠로 식품한류 선도'","인도네시아에서는 지난달 7일 ‘태권도 스포츠마케팅 연계 K-FOOD 지방확산 프로젝트’를 열고 현지 아마추어 선수들의 태권도 대회, 태권도 시범단 공연과 함께 행사장을 찾은 소비자에게 우리나라의 수출 유망...'",2019-11-06 21:07
"인도네시아 노동 당국 \한국 가면 월급 최대 250만 원…기회의 땅\""'""","고용허가제로 한국에서 일하는 인도네시아 근로자들이 최대 250만 원 정도 월급을 받는 것으로 확인됐습니다. 인도네시아 해외송출보호청은 지난 4일 열린 하원 대정부질문에서 \한국에서 일하는 인도네시아...'""",2019-11-06 21:07
"[동남아 살아보기] '인도네시아' 김현숙·황보, 한 달 살기의 로망 말랑에서 ...'","11월 7일에 방송되는 인도네시아 3부 <한 달 살기의 로망 말랑에서 살다> 편에서는 두 번째 살아보기 도시... 한편, 더운 날씨와 교통체증으로 배달문화가 발달한 인도네시아에서 자바 향토음식 '마르따박'을 배달시켜본다....'",2019-11-07 2:00
"코웨이, \국내는 좁다\""…말레이시아 찍고 인도네시아 공략'""",상반기 말련에서 전년대비 50% 이상의 매출을 기록한 웅진코웨이가 하반기 인도네시아(이하 인니) 시장으로... GDP가 지속적으로 성장하는 국가인만큼 말련에 이어 확대시킬 동남아 거점으로 인도네시아를 선택했다는 게...',2019-11-07 12:00
[사진] 한국철도 '인도네시아 교통부 직원 초청연수' 성료',=?한국철도(코레일)가 4일부터 8일까지 인도네시아 교통부(MOT) 직원 12명을 대상으로 진행한 '철도차량 유지보수 분야 역량강화' 연수를 마치고 수료식을 진행했다. 연수에서는 철도차량 운영과 유지보수 강의...',2019-11-09 2:00
"오지은, 인도네시아서 뽐낸 꽃미모 \온통 그린이라 기분 좋아\""'""",사진=오지은 인스타그램 [경남데일리=신승환 기자] 배우 오지은이 인도네시아에서 근황을 전했다.... 인도네시아의 계단식 논을 배경으로 환하게 웃고 있다. 청순미가 물씬 풍기는 청초한 미모가 시선을 사로잡는다....',2019-11-09 13:00
"서울시, 9개 녹색중소기업 인도네시아 시장 개척 지원'","5일간 인도네시아에 시장 개척단을 파견한다. 10일 서울시에 따르면 시는 그린카, 녹색건축 등 글로벌... 시는 이번에 선정된 9개 기업의 경우 인도네시아 개척단 파견을 원하는 업체 18곳을 대상으로 기술성, 시장성, 녹색성...'",2019-11-10 12:00
"\
\
								인니 클라우드 정부통합데이터센터, 한국-미국 공동 구축...전자정부 수출 청신호																							 \
'","\
\
								?우리나라와 프랑스 정부가 인도네시아 클라우드 기반 정부통합데이터센터 구축 사업을 지원한다. 내년부터 미얀마,
\
페루 등 주요 개발도상국이 정부통합데이터센터 사업'",2019-11-10 14:00
"[글로벌-엔터 24] K-pop 세븐틴, 월드투어 일본 공연 전석 매진…16일 자카르...'","특히 요코하마와 마쿠하리 공연은 추가로 좌석을 오픈, 폭발적인 인기를 과시했다. 한편, 세븐틴은 오는 16일 인도네시아 자카르타에서 월드투어를 이어간다. 김성은 글로벌이코노믹 기자'",2019-11-11 2:00
인터뷰하는 인니 결혼이주 첫 한국 여성 무슬림 이민전 씨',"성혜미 특파원 = 한국에서 50여년 전 이슬람교에 입교해 인도네시아 남성과 결혼, 자카르타에 이주한 첫 한국 여성 이민전(76)씨가 지난 10일(현지시간) 연합뉴스와 인터뷰를 하고 있다. 오른쪽은 아들 한인 씨....'",2019-11-11 21:55
인도네시아에서 코리아푸드페스티벌로 K-FOOD 열풍 잇는다',인도네시아에 진출해 있는 GS수퍼마켓에서 코리아푸드페스티벌을 진행해 현지 고객들에게 큰 인기를 얻었다. GS리테일이 운영하는 GS THE FRESH 인도네시아법인은 aT(한국농수산식품 유통공사) 자카르타지사와 손잡고...',2019-11-11 21:55
"[기업] GS리테일, 인도네시아에서 한국 음식 홍보'",GS리테일은 인도네시아에 진출한 슈퍼마켓 GS더프레시가 한국농수산식품유통공사와 손잡고 최근 한 달... GS리테일은 앞서 지난 2016년 인도네시아 자카르타에 현지 1호점을 열었습니다. 박소정',2019-11-11 21:55
"듀오링고 \K팝 부르려고 한국어 배워‥작년 한국어 공부한 외국인 400만명\""'""","한국어를 배우는 이용자가 많은 국가는 미국(31%), 중국(13%), 영국(4%), 캐나다(3%), 인도네시아(3%) 순이었다. 듀오링고는 총 37개 언어를 90가지 코스로 나눠 배울 수 있는 무료 온라인 언어학습 앱이다. 전 세계 3억명이...'",2019-11-11 21:55
"한-인니 영사국장회의…\고용허가제 MOU 갱신 노력\""'""","제3차 한-인도네시아 영사국장회의가 11일 서울 종로구 도렴동 외교부청사에서 열렸다고 외교부가 이날 밝혔다. 이번 회의는 2016년 6월 인도네시아에서 열린 2차 회의 이후 3년 5개월 만으로, 변철환 외교부...'",2019-11-11 21:55
"BTS vs 日 아라시?…닛케이 \동남아 한류 아성 탈환\""'""",(嵐)의 인도네시아 투어를 두고 “한류의 아성 탈환에 나섰다”고 보도했다. 아라시는 2016년 해체한 일본의 국민 그룹 스맙(SMAP)의 대를 잇는 대표적 남성 아이돌 그룹이다. 닛케이는 인도네시아 자카르타와 태국 방콕 발...',2019-11-13 9:00
아산배 수출시장 개척단 인도네시아로…2박3일간 판촉·업무협약',위해 인도네시아 자카르타를 방문한다. 아산배 수출농협인 아산원예농협 관계자들도 동행한다. 개척단은 현지에서 판촉 행사를 열고 인도네시아 국제식품 박람회장에서 바이어 면담을 진행한다. 뮬리아 라야사와는...',2019-11-13 11:19
"부산시와 지역 10개 대학, 인도네시아 자카르타 한국유학박람회 참가'","「2019 인도네시아 자카르타 한국유학박람회」에 참가해 현지 학생들을 대상으로 부산의 대학 입학정보 및... 주인도네시아 대사관(김창범 대사), 한국문화원(김영곤 원장), 인도네시아 교육문화부(아디 누란또...'",2019-11-13 11:19
"한국건협, 인도네시아 학교보건관계자 국내초청연수 실시'",민관협력사업 ‘인도네시아초등학생 건강증진 지원’의 성공적 수행을 위해 인도네시아 학교보건관계자8명을 초청 국내연수를 실시했다고 12일 밝혔다. ▲ 인도네시아 국내연수 (C) 건협 연수단은 현지...',2019-11-13 11:19
"부산 찾은 아세안 연예인들 \한국은 놀라운 나라\""'""",13일 부산 영도구 태종대 유원지에서 만난 인도네시아 배우 '드위 사노소'(39) 씨는 해안 절벽을 향해 옥빛 파도가 몰아치는 태종대 절경을 배경으로 연신 카메라 셔터를 눌렀다. 그는 인도네시아에서 45편의 영화와 15편의 TV...',2019-11-13 22:33
"MMA 2019, 방탄소년단 출연 확정…'한국의 풍류' 이은 색다른 무대 기대'","미디어 1theK(원더케이)의 유튜브 채널 △ 포털 다음 등과 글로벌 미디어 파트너(MUSIC ON! TV[일본], JOOX[홍콩, 태국, 말레이시아, 인도네시아, 미얀마], MY Music[대만])를 통해 전 세계로 생중계된다. 전자신문인터넷'",2019-11-13 22:33
"\
\
								인니 'PT다하나', 한국기술 지원받아 연산 800만개 뇌관공장 건립																 \
'","\
\
								인도네시아 국영 화약제조 기업인 'PT 다하나'가 한국 기업의 지원을 받아 웨스트 자부주에 연산 800만 개의 생산능력을 갖춘 뇌관 공장을 건립한다. 한국 기업이'",2019-11-13 22:33
"\
\
								인도네시아 전 외교장관 저서 '아세안은 중요한가?' 한국어판 출간																 \
'","\
\
								?한-아세안센터(사무총장 이혁)는 마띠 나딸레가와 인도네시아 전 외교장관의 서적 'Does ASEAN Matter'를 한국어로 번역한 '아세안은 중요한가'(최기원'",2019-11-13 22:34
"부산 조선기자재, 인도네시아서 수출 확대 '청신호''",부산지역 조선기자재업체들이 신남방 해양강국인 인도네시아 시장 진출 가능성을 높이고 있다. 14일 부산시와 부산경제진흥원에 따르면 지역 조선기자재업체 10개사가 무역사절단을 꾸려 지난 3~7일 인도네시아...',2019-11-16 12:25
무슬림을 잡아라 제주 인도네시아 무슬림 관광객 유치 본격나서',제주도가 인도네시아 무슬림 관광객 유치에 뛰어들었다. 14일 제주도와 제주관광공사에 따르면 한국관광공사 자카르타지사와 공동으로 지난 9일부터 오는 16일까지 8일 동안 인도네시아 방송 프로그램 제작팀을 제주로...',2019-11-16 12:25
엑소·BTS·태연·헤이즈 등 'MMA 2019' TOP10 확정...오늘(14일)부터 투표시...',"TV(일본), JOOX(홍콩, 태국, 말레이시아, 인도네시아, 미얀마), MY Music(대만)과 함께한다. 행사 실황은 △카카오톡 #탭 △멜론 △글로벌 K-POP 대표 미디어 1theK(원더케이)의 유튜브 채널 △ 포털 다음 및 글로벌...'",2019-11-16 12:25
"두산, 인도네시아서 '두산 테크데이' 개최'",이현순 두산그룹 기술담당 부회장(오른쪽 두 번째)이 14일(현지시간) 인도네시아 자카르타에서 열린 '두산 테크데이'에서 두산산업차량 제품에 대한 영상을 시청하고 있다. 2019.11.14',2019-11-16 12:25
"경북도, '2019 인도네시아 한국 유학박람회' 참가... 경북유학 홍보'",경북도가 '2019 인도네시아 자카르타 한국유학박람회'에 참가해 지역의 9개 대학과 공동으로 경북유학 홍보... 경상북도가 지난 11월 9일과 10일 양일간 지역 9개 대학과 함께 국립국제교육원이 주최하는 '2019 인도네시아...',2019-11-16 12:25
물들임 K-beauty brand로 세계 3대 '2019 홍콩 코스모프로프' 뷰티 박람회 참...',"현재 K-beauty 편집몰, 미국 최대 온라인 쇼핑몰 아마존, 동남아 최대 쇼핑몰 쇼피는 물론 인도네시아, 이집트, 중국, 동남아 등의 여러 국가에 수출을 진행중이다. 2019 홍콩 코스모프로프에서 소개된 물들임...'",2019-11-16 12:25
한국 스타트업 ‘유니콘’ 희망 안고 속속 진출 [아세안을 기회의 땅으로]',"아세안과 한국 스타트업 지원을 위한 민간 공동펀드는 인도네시아에서 825억원, 싱가포르에서 903억원, 태국에서 250억원이 모였다. 한편 오는 27∼29일 서울 동대문디자인플라자(DDP)에서는 전 세계 30개국 80개의...'",2019-11-16 12:25
"배우 성훈, 인도네시아 팬미팅 성황리에 종료..'웃음+감동+사랑' 가득'",배우 성훈이 인도네시아 팬들의 마음을 완벽하게 사로잡으며 출구를 원천봉쇄 시켰다. ‘글로벌 여심... 발산하며 인도네시아 팬들에게 쉴 틈 없는 스페셜한 하루를 선물했다. 뿐만 아니라 팬미팅이 진행되는 동안 성훈은...',2019-11-16 12:25
"팜한농, 인도네시아 농무부와 농자재 수출 확대 방안 협의'","인도네시아 농무부(MOA, Ministry of Agriculture) 공무원을 초청해 농자재 수출 확대 방안을 협의했다고 밝혔다. 이와 함께 14~15일 걸쳐 진행된 '농기자재 산업 정보공유 및 협력 강화를 위한 국제워크숍'에 참석해 인도네시아...'",2019-11-16 12:25
“K팝 대표 아이콘” 방탄소년단 뷔 따라하기 열풍…'뷔 시그니처+할로윈 뷔 ...',"게게 엘리사, 테레시아 마르케즈, 맥스 밍겔라, 엘르 패닝, 안셀 엘고트 등 뷔가 최애임을 밝힌 해외스타들 얼마 전에는 한국과 인도네시아 합작드라마 '러브 디스턴스 시즌2'에 출연했던 배우 게게 엘리사(Gege Elisa)가...'",2019-11-16 12:25
"기아차, 거의 포기했던 인도네시아 새로운 파트너와 재공략'",인도네시아에서 판매되고 있는 기아 피칸토. 기아자동차가 거의 포기했던 인도네시아를 새로운 파트너와 재공략한다. 지난 14일(현지시각) 인도네시아 자동차 유통 사업 그룹인 인도모빌 숙세스 인터내셔널의...',2019-11-16 12:25
'韓 매운맛 라면 열풍' 인니서 불닭볶음면 '미투 제품' 등장',인도네시아에서 삼양식품 '불닭볶음면' 미투 제품이 등장했다. '불닭볶음면' 등 한국식 매운 라면이 인도네시아를 강타하자 현지 업체가 비슷한 제품을 출시하고 있다는 것. 16일 업계에 따르면 인도네시아 식품회사 윙스...',2019-11-16 12:25
한-아세안 푸드 스트리트 개막',이번 푸드 스트리트는 인도네시아와 태국의 유명 음식들과 함께 브루나이나 캄보디아의 생소한 음식들도 시민들에게 선보입니다. 한-아세안 푸드 스트리트는 부산진구 전포동 놀이마루에서 오는 27일까지 진행됩니다.',2019-11-16 12:25
"충남도, '2019 자카르타 식품 박람회' 참가 1100만 달러 규모의 수출 계약 체...'",인도네시아 자카르타 국제 전시장에서 열린 '2019 자카르타 식품 박람회(SIAL JAKARTA)'에 참가하여 1100만 달러 규모의 수출 계약을 체결했다. / 충남도 제공 충남도(도지사 양승조)는 13일부터 16일까지 인도네시아...',2019-11-16 12:25
방탄소년단 뷔 국내를 너머 해외에서도 워너비 스타? 뷔 따라잡기 열풍',얼마 전에는 한국과 인도네시아 합작드라마 '러브 디스턴스 시즌2'에 출연했던 배우 게게 엘리사(Gege Elisa)가 뷔와 자신의 모습을 함께 합성한 사진을 SNS에 게시해 폭발적인 화제를 모았으며 2017년 미스 월드 필리핀...',2019-11-16 12:25
"\
\
								신한은행, 인도네시아서 손실 우려…확장 계획 차질																							 \
'","\
\
								대형 섬유업체 기업회생절차로 손실 위험…신한카드도 카드업 지지부진? 신한은행이 인도네시아에서 손실위기에 처했다. 인도네시아를 베트남처럼 동남아 거점으로 키우려던 신한금융그룹의 계획이 차질을 빚을 수도 있다.?11일 금융권과 현지 언론에 따르면 신한은행 인도네시아는 현지 기업인 듀니아텍스(Duniatex) 그룹이 기업회생절차를 추진하면서 대규모 손실 위험에 노출됐다.?듀니아텍스는 인도네시아의 섬유산업 선두업체로 유동성 위기를 겪고 있다. 특히 지난 3월 3억달러 규모의 외화채권을 
\
발행했는데 첫 번째 이자지급일에 이자를 지급하지 못했다. 이후 법원에 기업회생절차를 신청했고 지난달 법원은 이를 승인했다.?신한은행 인도네시아는 인도네시아 현지은행과 함께 듀니아텍스의 채권은행이다. 듀니아텍스 관련 익스포저(위험노출액)도 상당한
\
 수준으로 알려졌다. 듀니아텍스는 3억달러(한화 약 3480억원) 규모의 외화채권으로 신디게이트론 1억2930만달러를 갚았는데 
\
신디케이트론에'",2019-11-16 12:26
인도네시아 자카르타의 KEB하나은행',"성혜미 특파원 = 5일(현지시간) 인도네시아 국영 보험사의 지급불능 사태로 돈이 묶인 '지와스라야... 한국인이 약 420억원, 현지인이 약 1천150억원가량이다. 사진은 인도네시아 자카르타의 KEB하나은행. 2019.11.5'",2019-11-16 17:26
"방탄소년단 정국, 네이버 개인 브이라이브 2억뷰 3개, 3억뷰까지 돌파'","Lauv) (EDM Remix)'는 2일(오늘 오전 8시까지 기준) 사우디아라비아, 아랍에미리트, 인도네시아, 인도, 싱가포르 등 전 세계 22개 국가 및 지역의 아이튠즈 '톱 송' 차트 1위를 기록했다.'",2019-11-16 17:26
"드래곤플라이, VR로 인도네시아 시장 공략 나선다'",'스페셜포스VR' 유명 관광지 발리에 론칭 드래곤플라이는 지난 1일 인도네시아의 VR 테마파크 기업인 코비자야인도네시아(PT. KOVEE JAYA INDONESIA)와 함께 '스페셜포스 VR: 인피니티 워'를 론칭했다고 5일 발표했다. 회사...',2019-11-16 17:26
"전북생진원, 인도네시아 프리미엄 소비재전에 전북관 참가'",전북생물산업진흥원(원장 김동수)이 오는 7일부터 오는 9일까지 인도네시아 자카르타에서 열리는 '2019... 인도네시아는 2억 5000명의 인구를 보유한 세계 4위 인구대국으로 6000만 명에 달하는 중산층을 보유하고 있으며...',2019-11-16 17:26
"서울제약, 타다라필 ODF 인도네시아 허가받아'",서울제약(대표이사 황우성)은 인도네시아 소호(SOHO)사와 수출계약을 체결한 입에 녹는 필름형발기부전 치료제 '타다라필'이 인도네시아 현지 허가를 받았다고 5일 밝혔다. 지난 8월 허가받은 실데나필은 12월 첫...',2019-11-16 17:26
"‘케이팝 어벤져스’ 방탄소년단, ‘2018 MMA’ IDOL 무대 새삼 눈길…올해도...'","TV(일본), JOOX(홍콩, 태국, 말레이시아, 인도네시아, 미얀마), MY Music(대만)과 함께한다. 행사 실황은 △카카오톡 #탭 △멜론 △글로벌 K-POP 대표 미디어 1theK(원더케이)의 유튜브 채널 △ 포털 다음 및 글로벌...'",2019-11-16 17:34
"[# 김우현 인도네시아 개척단 현장보고] \대형 유통매장 내 한국...'""",인도네시아 개척단 김우현 현장보고 일시: 2019년 7월 21일 안녕하세요 인도네시아에서 세 번째 주를 보내고 있는 AFLO 7기 김우현입니다. 이번 주 주제는...',2019-07-23 20:44
"한국환경공단, 인도네시아 반따끄방 매립지 어린이 위해...'",장준영)은 인도네시아 반따끄방 (Bantar Gebang) 매립지 빈민지역에서 7월 22일부터 25일까지 사회봉사단을 파견해 국제(글로벌) 사회공헌활동을 수행한다. 인도네시아...',2019-07-23 20:44
[Intertraffic Indonesia 2019] 인도네시아 교통전시회 2019',전시회명: Intertraffic Indonesia 2019 www.intertraffic.com 인도네시아... 영국계열의 인도네시아 현지 전시주관업체 7. 전시품목: 도로 교통 장비 기기...',2019-07-25 15:06
무역아카데미) 인도네시아 지역전문가 과정 / e러닝',시장 인도네시아! 무궁무진한 발전가능성과 많은 인구로 해외 비즈니스 분야에서 주목받고 있죠 실제로 투자도 활발하게 이루어지있고 국내 대기업들도 인도네시아...',2019-07-25 20:12
[뉴스]190703_인도네시아 찌레본에서 K-POP 보다 유명한...',본 콘텐츠는 신문기사의 링크와 제목만 게시하므로 신문 기사의 저작권 보호 및 인용에 관한 가이드라인을 준수합니다. 방문자도 콘텐츠 공유를 원할 때는...',2019-07-27 12:01
"창업 열풍, 인도네시아를 말하다'","창업 열풍, 인도네시아를 말하다 2019-01-01 김현아 인도네시아 수라바야무역관 최재유 COHIVE 공동 창업자·CSO 들어가며 필자는 인도네시아 최대 코워킹 스페이스, COHIVE...'",2019-07-28 11:39
[인도네시아/발리] 사전준비 + 가기 전에 알아야 할 것들2',[인도네시아/발리] 사전준비 + 가기 전에 알아야 할 것!? 유명한 관광지지만 도시는 아닌 발리! 요새 뜨고있다던데 알고가야 할 것이 몇 있다ㅇ0ㅇ1.항공권-에어... m....',2019-07-28 17:01
"에이핑크, 인도네시아서 한국 걸그룹 저력 보여준다..'SKF...'",https://n.news.naver.com/entertain/article/112/0003193734',2019-07-29 16:23
[걸그룹 갤러리] 인도네시아 Super Kpop Festival 참가',  [걸그룹 갤러리] 인도네시아 Super Kpop Festival 참가   ',2019-07-30 14:21
인도네시아 해외 인턴십',2019년 1월7일부터 2월 2일까지 인도네시아로 해외인턴십을 다녀왔습니다!! 즉 말레이시아에서 문화탐방을 한 후에 인도네시아 인턴을 시작했답니다 *^^* 사실...',2019-07-30 19:01
"인도네시아 전자상거래시장 진출, 이것만은 알고 가자'","인도네시아 전자상거래시장 진출, 이것만은 알고 가자 2019-07-15 허유진 인도네시아 자카르타무역관 - 입점제품을 알릴 수 있는 절호의 기회인 현지 명절...'",2019-07-30 21:01
"네이버와 미래에셋이 560억 투자한 인도네시아 유니콘 기업, 부깔라팍 ...'","▶?5:5618분 전 - 업로더: 스테이지나인 공식 채널2019년, 올해 초! 우리나라의 대기업인 네이버와 미래에셋그룹이 560억 투자한 부깔라팍 (bukalapak) 인도네시아 이커머스 유니콘 기업인 부 ...'",2019-08-05 19:02
"[국내축구] 동남아에 열린 K리그의 문, 또 다른 '한류 문화'될까 [스한 위클리]'","  [국내축구] 동남아에 열린 K리그의 문, 또 다른 '한류 문화'될까 [스한 위클리] [1]  K리그 홈페이지마저 마비시킨 콩푸엉 효과 인천이 체감하고 있는 콩푸엉 효과는 그야말로 ‘상상 이상’이다. 개막전부터 그 효과를 톡톡히 봤다. 인천축구전용경기장을 찾은 당시 관중수는 무... '",2019-08-07 20:20
2017-19 k팝 채널 구독자수 변화',"\
보면 뉴미디어 시대 블랙핑크 작년에 구독자 천만이었는데 현재 2천 8백만 1년사이에 구독자 증가율이... 인도네시아의 위엄이죠\
'",2019-09-02 8:10
[인도네시아 생활] 필수 어플 추천 -3편',"인도네시아 생활 혹은 여행하면서 유용할 필수 어플 추천 마지막 3탄... 우리나라랑 다른 점이 있다면, 인도네시아는 핸드폰 통신 요금이 선불이라는 것이다! 마이...'",2019-09-02 8:10
"IBK기업銀, 인도네시아 인수은행 합병승인 취득'","IBK기업銀, 인도네시아 인수은행 합병승인 취득 발행일 : 2019.08.18 글자 작게 글자 크게 인쇄하기 IBK기업은행(행장 김도진)은 지난 14일 인도네시아 금융감독청...'",2019-09-02 8:10
김연수 작가의 단편소설 <뉴욕 제과점>이 인도네시아 어로...',한국 현대 단편소설집이 인도네시아어로 출간되었다는 기쁜 소식을... 수록된 인도네시아어판은 인도네시아 최대 미디어 그룹인 그라메디아(Gramedia)와...',2019-09-04 8:32
[공유] [글로벌 인사이트_인도네시아] #1 이커머스 트렌드 분석...',[글로벌 인사이트_인도네시아] #1 이커머스 트렌드 분석 및 주요 플랫폼 소개',2019-09-10 10:30
<인도네시아 수라바야> 둘째 아이 갖기 2',어제 (09/11) 아침에 피검사 초음파 하고 저녁에 다시 선생님 뵈러 갔는데 다른 의사 선생님 이셨은데 같은 팀이라고 괜찮다고 해서 선생님 면담 했고 저는 다 정상...',2019-09-16 12:25
"(아이린,슬기,웬디,조이,예리) 인도네시아 kumparan인터뷰...'",2019.09.12 레드벨벳 인도네시아 인터뷰 짤방 요약 이 세상 맑음을 다 모아둔 박맑음... 재미있어요 #레드벨벳 #아이린 #슬기 #웬디 #조이 #예리 #redvelvet #인도네시아 #인터뷰...',2019-09-16 12:25
레드벨벳 인도네시아 방송',',2019-09-16 12:25
"190914. 오늘 인도네시아 \써니\"" 첫 사전 시사회^^!!'""",흥해라~!!! 10월 3일 개봉!! 근데..세릴 콘서트 사진이나 영상 보면.. 이 팬들만 다 봐도 대박일 거 같은뎁 ㅋㅋ',2019-09-16 12:25
[우이비파] 인도네시아 대학교 | 우이(Uiversity of...',"곳인 인도네시아 대학교를 소개하고자 합니다! 인도네시아는 가자마다 대학교(UGM), 반둥 공과대학교(ITB) 그리고 인도네시아 대학교(UI) 이렇게 세 개의...'",2019-09-17 10:15
외국인이 인도네시아에 집을 살 수 있을까? 법무 공증인에게...',외국인이 인도네시아에 집을 살 수 있을까? 법무 공증인에게 직접 물어봤습니다. #인도네시아 #Notaris #공증인 족자에서 만난 Notaris (공증인)을 만나...',2019-09-20 16:39
인도네시아 거래소 최근 동남아 암호화폐 거래시장이...',이번에 전해드릴 소식은 인도네시아거래소 '익스라야'입니다. 최근 익스라야... 인도네시아 거래소는 블루오션이다. 동남아 지역에서 인도네시아는 인구 및...',2019-09-20 16:39
"수입 과자 추천! 릴레 쿠키, 바삭한 인도네시아 과자'",안녕하세요. 래딕스입니다! :) 오늘도 역시나 맛있는 간식을 소개해드리려 합니다♪ 원통형 패키지 안에 쿠키가 포장되어 들어있는데요. 레트로한 느낌의...',2019-09-21 10:30
현금 없는 사회와 인도네시아(1)',현금 없는 사회와 인도네시아 평소 주변에서 인도네시아와 관련된 이런저런 질문을 받는다. 대화의 주제가 현금 없는 사회(Cashless Society)로 옮겨 가면 지인들 다수는...',2019-09-22 16:31
Ambala 젊은 작가전 송은 아트스페이스 인도네시아 너무나도',"Ambala 젊은 작가전 송은 아트스페이스 인도네시아 너무나도 Wimo Ka'bah, Bayang, Ambala 2011 Ka'bah 시리즈가 한다. 어디까지 순례 다른 그리고 한 수 족자카르타에 카바가...'",2019-09-22 16:32
[잉여력놀이터/스렉코비치] 제가 동남아 빡고수입니다 여러분',  [잉여력놀이터/스렉코비치] 제가 동남아 빡고수입니다 여러분 [11]  가본 나라는 홍콩 싱가폴 / 살아봄 태국 캄보디아 말레이시아 인도네시아 / 가봄 질문 받지만 옛날이라 관광지 추천은 제한적이다 입니다... ',2019-09-22 22:18
[유머/이슈/정보] 인도네시아판 복면가왕 근황',  [유머/이슈/정보] 인도네시아판 복면가왕 근황 [8]   ',2019-09-22 23:41
수입과자 수퍼콘 치즈맛 콘스틱 홈플러스 구매한 인도네시아...',바삭한 옥수수콘으로 맛을낸 바삭함이 매려적인 수입 과자랍니다 인도네시아 원산지라 기대없이 맛보았지만 한번 맛보면 짭짤한 맛과 고소한 옥수수 콘 식감이 수퍼...',2019-09-25 9:32
벌하겠단 인도네시아. 나이트라이프는 방콕보다 오히려? by...',무늬만 무슬림 국가인 인도네시아에서~ ‘혼전 성관계·대통령 비판’ 벌하겠다는 인도네시아 ㆍ동거·낙태·동성애·미성년자 피임·여성 늦은 귀가까지 처벌...',2019-09-26 21:50
유통 본격 개시... 업비트 인도네시아 상장 (파이낸셜뉴스)',업비트 인도네시아 상장 카카오의 블록체인 플랫폼 ‘클레이튼’ 생태계에서 기축 암호화폐로 활용되는 ‘클레이’가 업비트 인도네시아에 상장된다. 일반...',2019-09-26 22:26
<190929> Super Kpop Festival 인도네시아 Indonesia 2019...',<190928> Super Kpop Festival Indonesia 2019 출처: Cloudsome 님 해외는 나가시면 미모 난리나시는 하성운 왕자님 어제 있었던 인도네시아 K팝 페스티벌 올블랙...',2019-09-29 9:48
"[인도네시아 톡톡] 인니에 뜨는 할랄 마케팅, 배경은?'",올해 10월 17일부터 인도네시아에서 유통되는 모든 제품은 할랄인증을 득해야 한다.... 인도네시아에 제품을 판매하는 외국기업들도 신경쓸 것이 늘었다. 그런데 진짜...',2019-10-16 17:01
내가 쓴 인도네시아 지구촌리포트- 성장세의 인도네시아...',"www.kati.net ▶ 인도네시아, 성장하고 있는 프리미엄 라면 시장 ? 2018년 WINA(World Instant Noodles Association)의 통계에 따르면, 인도네시아는 연간 약 125억 개의...'",2019-10-18 21:22
"KB금융, 10년 만에 인도네시아 진출...부코핀은행 2대주주'",20시간 전 - 2일 KB금융에 따르면 KB국민은행은 인도네시아 소매금융 전문은행인 부코핀 은행(Bank Bukopin) 신주인수계약을 체결했다고 밝혔다. 앞서 이 은행은 지난달 29일?...',2019-10-18 23:40
인도네시아 수도이전에 대박나게 생긴 한국 - 이슈링크',"2분 전 - 인도네시아 수도이전에 대박나게 생긴 한국 [커뮤니티 베스트] 커뮤니티, 일본, 한국, 아코, 에메리, 계엄령, 유튜브, 정규직, 트와이스, 프리코네, 유니클로, 관련 게시글?...'",2019-10-22 8:00
말을 걸어볼까? 동남아 살아보기 | TV - 교육의 중심 EBS',"11시간 전 - 인도네시아편 제1부 포용과 공존의 도시, 자카르타10.21; 베트남편 제4부 미지의 도시, 동허이10.14; 베트남편 제3부 경제 허브, 다낭10.07; 베트남편 제2부 영원한 봄?...'",2019-10-25 10:38
인도네시아 자카르타 가성비... 추천 호텔 [인도네시아 추천 숙소]',"시티 M 호텔 자카르타 Citi M Hotel Gambir 시티 M 호텔 자카르타는 그랜드 인도네시아... 세탁 서비스와 수하물 보관소를 제공하며, 중국 및 인도네시아 음식을 선보이는...'",2019-10-26 12:18
"경기도, 인도네시아 현지 유학설명회 개최 - 한국글로벌뉴스'",8시간 전 - (한국글로벌뉴스 - 박소연 기자) 경기도는 우수 유학생의 도내 대학 유치를 위해 오는 11월 1일부터 2일까지 이틀간 인도네시아 자카르타에서 '경기도 유학설명회'를?...',2019-10-30 14:43
"GS THE FRESH, 인도네시아서 'K-FOOD' 열풍 잇는다!'","GS THE FRESH, 인도네시아서 'K-FOOD' 열풍 잇는다! 자카르타 인근 5개 점포에서 코리아푸드페스티벌 진행 인도네시아에 진출해 있는 GS수퍼마켓이 코리아푸드페스티벌을...'",2019-11-11 21:56
